,Media,Date,Tweet Text,Compound,Positive,Negative,Neutral,Tweets Ago
0,BBC,Thu Feb 08 10:59:03 +0000 2018,"?? Powerful anthems: eight songs that helped change the world.
? https://t.co/crVJk0oG7D https://t.co/Qt6okFsOJV",0.4215,0.203,0.0,0.797,100
1,BBC,Thu Feb 08 09:00:06 +0000 2018,"What's the ideal female body shape?

A new exhibition explores how fashionable corsetry and clothing have dictated… https://t.co/4JdBKaryTA",0.5267,0.175,0.0,0.825,99
2,BBC,Thu Feb 08 08:55:02 +0000 2018,RT @BBCWorld: This is the world's first zero-gravity rave ? ? https://t.co/JfwgHqdyA4,0.0,0.0,0.0,1.0,98
3,BBC,Thu Feb 08 08:54:55 +0000 2018,RT @bbcrb: Career goals - mermaid level! ??? https://t.co/BtiBDDYSZr,0.0,0.0,0.0,1.0,97
4,BBC,Thu Feb 08 08:54:22 +0000 2018,RT @BBCNewsround: They're here! ??? https://t.co/hrsurBjsMT https://t.co/wQ5I3ygOtd,0.0,0.0,0.0,1.0,96
5,BBC,Thu Feb 08 08:54:16 +0000 2018,"RT @bbcworldservice: ""I love the isolation, I love being cut off from everybody."" The Final Take brings David Bowie’s final recording sessi…",0.6808,0.278,0.159,0.563,95
6,BBC,Thu Feb 08 08:54:04 +0000 2018,"RT @BBCRadio2: Congrats to @surieofficial! ?
@RealKenBruce will be getting her full reaction tomorrow morning when she calls after 9:30am!…",0.6103,0.181,0.0,0.819,94
7,BBC,Thu Feb 08 08:51:40 +0000 2018,RT @bbceurovision: Congrats @surieofficial! Our UK #Eurovision act for 2018! ?????? #EurovisionYouDecide https://t.co/CRHs12icok,0.6103,0.249,0.0,0.751,93
8,BBC,Thu Feb 08 08:40:02 +0000 2018,"? Cheetah cam captures the first footage on-board the fastest mammal on Earth.

#AnimalsWithCameras | 8pm | @BBCOne https://t.co/0fANODEnsn",0.0,0.0,0.0,1.0,92
9,BBC,Thu Feb 08 08:20:04 +0000 2018,"? As we learn more about diseases, we get better at controlling them.

 But will we ever overcome the most inevitab… https://t.co/0X2Mpdn2io",0.4404,0.127,0.0,0.873,91
10,BBC,Thu Feb 08 08:00:04 +0000 2018,Paradise on Earth or dangerous cult? https://t.co/etL0ti9X6d,0.2732,0.341,0.252,0.407,90
11,BBC,Thu Feb 08 07:38:03 +0000 2018,"?? Would you care if a story you read in a newspaper was written by a robot?

Would you even know?
?… https://t.co/GL3WolP3l8",0.5514,0.158,0.0,0.842,89
12,BBC,Wed Feb 07 19:33:04 +0000 2018,??? Mel Giedroyc and @manszelmerlow host as six contestants compete to become the UK representative for #Eurovision… https://t.co/Svl5OyGbl0,0.0,0.0,0.0,1.0,88
13,BBC,Wed Feb 07 19:28:12 +0000 2018,"RT @BBCWthrWatchers: Hands up, who loves a mackerel sky? ???????? https://t.co/2kJWMIe21N",0.5719,0.291,0.0,0.709,87
14,BBC,Wed Feb 07 19:27:31 +0000 2018,"RT @TWBBC: Thank science for 10,000 year old Cheddar Man. But if you go back even further, might we originally be from Mars? https://t.co/1…",0.3612,0.098,0.0,0.902,86
15,BBC,Wed Feb 07 19:26:22 +0000 2018,RT @bbceurovision: Slip into something more #Eurovision. #EurovisionYouDecide. @BBCTwo 7.30pm. https://t.co/YJwTsGjs4u,0.0,0.0,0.0,1.0,85
16,BBC,Wed Feb 07 19:00:06 +0000 2018,? This exam question stumped Chinese school kids. https://t.co/MsMsIQovIO,0.0,0.0,0.0,1.0,84
17,BBC,Wed Feb 07 18:30:09 +0000 2018,"A new series exploring how human creativity began and what lies at the heart of our identity.

#Civilisations | 1 M… https://t.co/sJgyo9pE4D",-0.0516,0.116,0.125,0.759,83
18,BBC,Wed Feb 07 18:00:06 +0000 2018,"?? Whether you're upping your portions of veg, or just want less meat, these recipes are a perfect way to pack more… https://t.co/dkUyU4WCxr",0.6124,0.2,0.0,0.8,82
19,BBC,Wed Feb 07 17:58:54 +0000 2018,RT @bbceurovision: ?? A public service announcement from our hosts ?? #MelGiedroyc and @manszelmerlow ?#EurovisionYouDecide ?? https://t.co…,0.0,0.0,0.0,1.0,81
20,BBC,Thu Feb 08 10:59:03 +0000 2018,"?? Powerful anthems: eight songs that helped change the world.
? https://t.co/crVJk0oG7D https://t.co/Qt6okFsOJV",0.4215,0.203,0.0,0.797,80
21,BBC,Thu Feb 08 09:00:06 +0000 2018,"What's the ideal female body shape?

A new exhibition explores how fashionable corsetry and clothing have dictated… https://t.co/4JdBKaryTA",0.5267,0.175,0.0,0.825,79
22,BBC,Thu Feb 08 08:55:02 +0000 2018,RT @BBCWorld: This is the world's first zero-gravity rave ? ? https://t.co/JfwgHqdyA4,0.0,0.0,0.0,1.0,78
23,BBC,Thu Feb 08 08:54:55 +0000 2018,RT @bbcrb: Career goals - mermaid level! ??? https://t.co/BtiBDDYSZr,0.0,0.0,0.0,1.0,77
24,BBC,Thu Feb 08 08:54:22 +0000 2018,RT @BBCNewsround: They're here! ??? https://t.co/hrsurBjsMT https://t.co/wQ5I3ygOtd,0.0,0.0,0.0,1.0,76
25,BBC,Thu Feb 08 08:54:16 +0000 2018,"RT @bbcworldservice: ""I love the isolation, I love being cut off from everybody."" The Final Take brings David Bowie’s final recording sessi…",0.6808,0.278,0.159,0.563,75
26,BBC,Thu Feb 08 08:54:04 +0000 2018,"RT @BBCRadio2: Congrats to @surieofficial! ?
@RealKenBruce will be getting her full reaction tomorrow morning when she calls after 9:30am!…",0.6103,0.181,0.0,0.819,74
27,BBC,Thu Feb 08 08:51:40 +0000 2018,RT @bbceurovision: Congrats @surieofficial! Our UK #Eurovision act for 2018! ?????? #EurovisionYouDecide https://t.co/CRHs12icok,0.6103,0.249,0.0,0.751,73
28,BBC,Thu Feb 08 08:40:02 +0000 2018,"? Cheetah cam captures the first footage on-board the fastest mammal on Earth.

#AnimalsWithCameras | 8pm | @BBCOne https://t.co/0fANODEnsn",0.0,0.0,0.0,1.0,72
29,BBC,Thu Feb 08 08:20:04 +0000 2018,"? As we learn more about diseases, we get better at controlling them.

 But will we ever overcome the most inevitab… https://t.co/0X2Mpdn2io",0.4404,0.127,0.0,0.873,71
30,BBC,Thu Feb 08 08:00:04 +0000 2018,Paradise on Earth or dangerous cult? https://t.co/etL0ti9X6d,0.2732,0.341,0.252,0.407,70
31,BBC,Thu Feb 08 07:38:03 +0000 2018,"?? Would you care if a story you read in a newspaper was written by a robot?

Would you even know?
?… https://t.co/GL3WolP3l8",0.5514,0.158,0.0,0.842,69
32,BBC,Wed Feb 07 19:33:04 +0000 2018,??? Mel Giedroyc and @manszelmerlow host as six contestants compete to become the UK representative for #Eurovision… https://t.co/Svl5OyGbl0,0.0,0.0,0.0,1.0,68
33,BBC,Wed Feb 07 19:28:12 +0000 2018,"RT @BBCWthrWatchers: Hands up, who loves a mackerel sky? ???????? https://t.co/2kJWMIe21N",0.5719,0.291,0.0,0.709,67
34,BBC,Wed Feb 07 19:27:31 +0000 2018,"RT @TWBBC: Thank science for 10,000 year old Cheddar Man. But if you go back even further, might we originally be from Mars? https://t.co/1…",0.3612,0.098,0.0,0.902,66
35,BBC,Wed Feb 07 19:26:22 +0000 2018,RT @bbceurovision: Slip into something more #Eurovision. #EurovisionYouDecide. @BBCTwo 7.30pm. https://t.co/YJwTsGjs4u,0.0,0.0,0.0,1.0,65
36,BBC,Wed Feb 07 19:00:06 +0000 2018,? This exam question stumped Chinese school kids. https://t.co/MsMsIQovIO,0.0,0.0,0.0,1.0,64
37,BBC,Wed Feb 07 18:30:09 +0000 2018,"A new series exploring how human creativity began and what lies at the heart of our identity.

#Civilisations | 1 M… https://t.co/sJgyo9pE4D",-0.0516,0.116,0.125,0.759,63
38,BBC,Wed Feb 07 18:00:06 +0000 2018,"?? Whether you're upping your portions of veg, or just want less meat, these recipes are a perfect way to pack more… https://t.co/dkUyU4WCxr",0.6124,0.2,0.0,0.8,62
39,BBC,Wed Feb 07 17:58:54 +0000 2018,RT @bbceurovision: ?? A public service announcement from our hosts ?? #MelGiedroyc and @manszelmerlow ?#EurovisionYouDecide ?? https://t.co…,0.0,0.0,0.0,1.0,61
40,BBC,Wed Feb 07 17:58:18 +0000 2018,"RT @BBCEarth: Eland - 1
Cheetahs - Nil

#AnimalsWithCameras https://t.co/hSPKuio2uJ",0.0,0.0,0.0,1.0,60
41,BBC,Wed Feb 07 17:30:05 +0000 2018,"? That time @IAmWill DIDN'T meet Michael Jackson.

#TheGNShow | @BBCOne https://t.co/NngJ0Wvuvi",0.0,0.0,0.0,1.0,59
42,BBC,Wed Feb 07 14:32:05 +0000 2018,"? From @MichaelJackson's ranch to @Courtney Love's @Nirvana rights, here are nine treasured possessions that stars… https://t.co/iCIduWzjaj",0.5574,0.194,0.0,0.806,58
43,BBC,Wed Feb 07 14:18:40 +0000 2018,"RT @BBCOne: This is going to be EPIC.

#Troy: Fall of a City. Starts 17th February on @BBCOne. https://t.co/oZa9dQTqK9",0.0,0.0,0.0,1.0,57
44,BBC,Wed Feb 07 14:00:11 +0000 2018,"Welcome to Monowi, Nebraska. 

Population 1.
? https://t.co/bQ2QoCKWkw https://t.co/PVAS8iLu5w",0.4588,0.3,0.0,0.7,56
45,BBC,Wed Feb 07 13:30:07 +0000 2018,??Some of these little penguins are seeing snow for the first time! https://t.co/WIoqhmOamm,0.0,0.0,0.0,1.0,55
46,BBC,Wed Feb 07 13:15:33 +0000 2018,"RT @TWBBC: Zebro here could soon revolutionise search and rescue efforts. Working as part of a swarm, these easy to produce robots can comm…",0.7351,0.228,0.0,0.772,54
47,BBC,Wed Feb 07 13:00:06 +0000 2018,The #WinterOlympics has provided countless memorable moments over the years. Put your knowledge of them to the test… https://t.co/DohJknUpmF,0.0,0.0,0.0,1.0,53
48,BBC,Wed Feb 07 12:30:03 +0000 2018,"??? Think you can do better than the England women? 

Sign up for the #FAPeoplesCup!
? https://t.co/Z3G0muPU0e https://t.co/1JeLhsf666",0.4926,0.166,0.0,0.834,52
49,BBC,Wed Feb 07 12:00:08 +0000 2018,"? Experts have worked out the carbon footprint of your sarnie and it could be time to give up your daily BLT.
?… https://t.co/mNfTyIYgIG",0.0,0.0,0.0,1.0,51
50,BBC,Wed Feb 07 11:33:04 +0000 2018,"? ? @george_ezra took over @BBCR1 and played tracks from @NiallOfficial, @Camila_Cabello and @DUALIPA!

?Have a lis… https://t.co/XJCqTB4qLt",0.4003,0.161,0.0,0.839,50
51,BBC,Wed Feb 07 11:26:32 +0000 2018,"RT @BBCNorthAmerica: Space X's Elon Musk has launched his new rocket, the #FalconHeavy, from the Kennedy Space Center in Florida

https://t…",0.128,0.07,0.0,0.93,49
52,BBC,Wed Feb 07 11:03:03 +0000 2018,"Scientists have finally put a face to Cheddar Man, Britain's oldest complete skeleton from 10,000 years ago.… https://t.co/AdICoObSyh",0.0,0.0,0.0,1.0,48
53,BBC,Wed Feb 07 10:04:58 +0000 2018,"RT @bbcarts: Filmed in 31 countries on six continents over three years, epic 9-hour series #Civilisations comes to @BBCTwo on 1st March. Pr…",0.0,0.0,0.0,1.0,47
54,BBC,Wed Feb 07 10:04:46 +0000 2018,"??@CraigDavid, @NiallOfficial, @WolfAliceMusic and percussionist @DameEvelyn have joined the line-up for the BBC's… https://t.co/Q3HgX99mQn",0.0,0.0,0.0,1.0,46
55,BBC,Wed Feb 07 09:54:53 +0000 2018,"??US entrepreneur Elon Musk has successfully launched his new rocket, the Falcon Heavy, from the Kennedy Space Cent… https://t.co/pJyK2t05OJ",0.5719,0.217,0.0,0.783,45
56,BBC,Wed Feb 07 09:00:04 +0000 2018,"What's a statue of an American president doing in Manchester &amp; why are Hull telephone boxes cream? 

Three puzzling… https://t.co/m6lFFjtN0P",0.0,0.0,0.0,1.0,44
57,BBC,Wed Feb 07 08:56:48 +0000 2018,RT @BBCNews: Cheddar Man: DNA shows early Brit had dark skin https://t.co/h4oMUWV0qg,0.0,0.0,0.0,1.0,43
58,BBC,Wed Feb 07 08:56:27 +0000 2018,"RT @bbc5live: Help the hedgehog! A new report says the population is ?? 

#5liveBreakfast https://t.co/0a0C3ly4SX",0.4574,0.187,0.0,0.813,42
59,BBC,Wed Feb 07 08:54:57 +0000 2018,RT @bbceurovision: Today UK! Today our UK #Eurovision act for 2018 will be chosen. ????? #EurovisionYouDecide 7.30pm @BBCTwo https://t.co/W…,0.0,0.0,0.0,1.0,41
60,BBC,Wed Feb 07 08:40:02 +0000 2018,"17-years-old and an undertaker, but why? ?
https://t.co/Vw0xsnuJJH",0.0,0.0,0.0,1.0,40
61,BBC,Wed Feb 07 08:20:03 +0000 2018,? Clues to the state of your mental health may be hiding in plain sight – in the tweets you send and the Facebook u… https://t.co/jWHdacpPi8,-0.296,0.0,0.087,0.913,39
62,BBC,Wed Feb 07 08:00:08 +0000 2018,"When a friend is struggling with their mental health it can be hard to know what to say. 
#BBCLikeMinds https://t.co/uX4mxgf6Io",0.0,0.137,0.179,0.684,38
63,BBC,Wed Feb 07 07:38:03 +0000 2018,"Truly vibrant red was elusive for many years: until a mysterious dye was discovered. 

? This is how a crushed bug… https://t.co/fiStAOHSXt",0.5423,0.251,0.112,0.637,37
64,BBC,Tue Feb 06 19:30:18 +0000 2018,"RT @bbccomedy: Oh.. by the way, #InsideNo9 will return for a fifth series next year! ?????9?? https://t.co/iMBDssos9a https://t.co/cl2L70OD…",0.0,0.0,0.0,1.0,36
65,BBC,Tue Feb 06 19:30:05 +0000 2018,"Know your Suffragettes from your Suffragists, your WSPU from your NUWSS? 

Take this Pankhurst quiz to find out.
?… https://t.co/ykQrg4RzDB",0.0,0.0,0.0,1.0,35
66,BBC,Tue Feb 06 19:27:31 +0000 2018,"RT @BBCScotland: Kirsten’s dad Stuart Adamson took his own life in 2001.

She has written her dad a letter to thank him for his music. http…",0.3612,0.094,0.0,0.906,34
67,BBC,Tue Feb 06 19:26:49 +0000 2018,"RT @bbcthree: ""I love my dad, but sometimes his rules drive me crazy!"" https://t.co/Tk0xeQxa6i",0.4389,0.182,0.0,0.818,33
68,BBC,Tue Feb 06 19:25:21 +0000 2018,"RT @BBCNewsbeat: Eight members of the Man United team died in the Munich air disaster, 60 years ago today https://t.co/xPI8ydPFg4",-0.7096,0.102,0.28,0.618,32
69,BBC,Tue Feb 06 19:25:15 +0000 2018,"RT @BBCTwo: ""What's a VHS?"" And other terrifying phrases, in tonight's series finale of #InsideNo9, 10pm. ??
https://t.co/lilhVPMOYF",-0.5719,0.0,0.188,0.812,31
70,BBC,Tue Feb 06 19:00:05 +0000 2018,Inside Denmark's massive Lego House. https://t.co/3m5loPSZpi,0.0,0.0,0.0,1.0,30
71,BBC,Tue Feb 06 18:30:03 +0000 2018,? The annual #Sapporo snow festival in Japan has some pretty cool (?) ice sculptures! https://t.co/AI4gfWQ23l,0.8398,0.428,0.0,0.572,29
72,BBC,Tue Feb 06 18:00:06 +0000 2018,"? Wage war on the cold with fortifying tagines, hearty stews and comfort food. 

These recipes make the most of Feb… https://t.co/nfaSdt1eKH",-0.34,0.098,0.154,0.748,28
73,BBC,Tue Feb 06 17:30:08 +0000 2018,"?? HONK HONK! 

When you just can't get a word in...
#AnimalsWithCameras https://t.co/mFUZec36Ne",0.0,0.0,0.0,1.0,27
74,BBC,Tue Feb 06 17:07:56 +0000 2018,"RT @mixital: ?New #DoctorWho Writing Challenge!?
Write a story featuring Rose!
 
Share it with us here: https://t.co/zW42ZnvJnc 

#BilliePi…",0.4184,0.148,0.0,0.852,26
75,BBC,Tue Feb 06 17:06:24 +0000 2018,"RT @bbcarts: 'Bewildering, breathtaking' Brighton Pavilion is just one of the destinations for @andrewgrahamdix in tonight's #RoyalCollecti…",0.4588,0.158,0.0,0.842,25
76,BBC,Tue Feb 06 17:03:10 +0000 2018,"???? A selection of some of the most striking news photographs taken around the world this week.
?… https://t.co/MyW196KSCV",0.0,0.0,0.0,1.0,24
77,BBC,Tue Feb 06 16:47:54 +0000 2018,"?@Drake surprised a young student at the University of Miami with a $50,000 (£36,000) scholarship after reading one… https://t.co/fHgUoq6QTB",0.2263,0.106,0.0,0.894,23
78,BBC,Tue Feb 06 16:42:26 +0000 2018,"RT @BBCSSO: One hundred years ago today women won the right to vote, we’re remembering our suffragettes with a new choral work, written by…",0.5719,0.144,0.0,0.856,22
79,BBC,Tue Feb 06 16:39:58 +0000 2018,"RT @BBCScotland: The Scottie Dogs have got some sound advice for Internet Safety Day:

""Don't trust anyone called Honest Jim!""

See more fr…",0.5705,0.22,0.093,0.687,21
80,BBC,Tue Feb 06 15:12:23 +0000 2018,"#100years since women were first given the vote, the battle for equality rages on. Meet the women fighting for fema… https://t.co/KUknfU9LJk",-0.802,0.0,0.313,0.687,20
81,BBC,Tue Feb 06 14:58:21 +0000 2018,"RT @bbcthree: ""Do you even know any black people?"" https://t.co/1CjD1obs4K",0.0,0.0,0.0,1.0,19
82,BBC,Tue Feb 06 14:02:04 +0000 2018,"?? ‘I was delivered by a man in a dinner jacket’.

10 things we learned from @JackWhitehall’s #DesertIslandDiscs.… https://t.co/hnBdy7NxL5",0.0,0.0,0.0,1.0,18
83,BBC,Tue Feb 06 13:30:04 +0000 2018,"Eight things more likely to kill you in 1970s Britain than today. 
? https://t.co/zIDtYhFO9L https://t.co/e5CwtBDxNc",-0.7152,0.0,0.276,0.724,17
84,BBC,Tue Feb 06 13:00:37 +0000 2018,"RT @BBCr4today: ""They will have to choose between giving us freedom or giving us death.""

Joanna Lumley reads this extract from Emmeline Pa…",0.8402,0.31,0.0,0.69,16
85,BBC,Tue Feb 06 13:00:05 +0000 2018,"? #SportRelief is back and for 2018 is asking the nation to come together to walk one billion steps a day, every da… https://t.co/5nHttl86IS",0.0,0.0,0.0,1.0,15
86,BBC,Tue Feb 06 12:30:03 +0000 2018,"? How this man's bottom helped win WW1.
#QI https://t.co/vbeU2IKbxP",0.5859,0.322,0.0,0.678,14
87,BBC,Tue Feb 06 12:00:11 +0000 2018,"?? Seven ways that other nations deal with winter weather without falling to pieces. 
? https://t.co/8XUZNxQc1Y https://t.co/rfzXWF2lPI",0.1139,0.088,0.0,0.912,13
88,BBC,Tue Feb 06 11:57:10 +0000 2018,"RT @BBCBreakfast: ?? New BBC weather graphics alert!! ?
Watch @carolkirkwood give you a sneak peek of the new look @BBCweather service whic…",0.4184,0.122,0.0,0.878,12
89,BBC,Tue Feb 06 11:53:33 +0000 2018,"RT @bbcideas: What does it mean to be a feminist? When was the term first used? A brief history #100years
(Feminism: The fight for equality…",-0.4515,0.0,0.119,0.881,11
90,BBC,Tue Feb 06 11:52:38 +0000 2018,"RT @BBCSport: They call him ' The Ice King'

Meet Fadi Ahmed - the extreme ice skater... from Saudi Arabia!
? https://t.co/ZakUY3ayhi https…",0.0,0.0,0.0,1.0,10
91,BBC,Tue Feb 06 11:24:24 +0000 2018,"Who was #EmmelinePankhurst? 

#Suffragette100 #Vote100 #100Years https://t.co/nDw1wiBRYG",0.0,0.0,0.0,1.0,9
92,BBC,Tue Feb 06 11:17:10 +0000 2018,"RT @BBCBreakfast: How important is the ability to vote, to you?
These young women talked to us about voting, as we mark 100 years since som…",0.4767,0.146,0.0,0.854,8
93,BBC,Tue Feb 06 11:11:10 +0000 2018,"RT @BBCTwo: A shocking murder.

A gripping thriller. 

A star-studded cast.

? #Collateral. Starts Monday, 9pm, @BBCTwo. https://t.co/pwCmd…",-0.7906,0.071,0.374,0.556,7
94,BBC,Tue Feb 06 11:07:30 +0000 2018,"RT @BBCArchive: John Mahoney on Hard Talk in 1998, discussing Martin Crane and having a dog as a co-star https://t.co/xjmAeokWZ4",-0.1027,0.0,0.076,0.924,6
95,BBC,Tue Feb 06 10:45:08 +0000 2018,?? @ElonMusk will attempt to fly the world's most powerful rocket towards Mars' orbit with his own sports car on to… https://t.co/Lfz26ugHE0,0.4754,0.128,0.0,0.872,5
96,BBC,Tue Feb 06 10:24:07 +0000 2018,"The British-born actor John Mahoney, who played Martin Crane in the US sitcom Frasier, has died aged 77.
?… https://t.co/QnReRu34IQ",-0.296,0.1,0.15,0.75,4
97,BBC,Tue Feb 06 10:19:55 +0000 2018,RT @AboutTheBBC: Kids experience the best and worst of life online. This #SaferInternetDay find out more about #BBCOwnIt which aims to help…,0.0258,0.148,0.145,0.707,3
98,BBC,Tue Feb 06 10:19:21 +0000 2018,RT @bbcwritersroom: Meet the #writers of our new series of bold short form dramas on @bbcthree #TheBreak watch their episodes and read thei…,0.3818,0.106,0.0,0.894,2
99,BBC,Tue Feb 06 10:10:03 +0000 2018,"What did the suffragettes do for you?

? #100years after women won the right to vote, @ScarlettMoffatt tells the st… https://t.co/gMNQ2ybFtE",0.5719,0.163,0.0,0.837,1
100,CBS,Wed Feb 07 18:35:19 +0000 2018,"RT @startrekcbs: Sunday, this season's epic journey reaches its final reckoning. Catch up before the season finale: https://t.co/4Ea5wpmAep…",0.0516,0.066,0.0,0.934,100
101,CBS,Wed Feb 07 16:17:48 +0000 2018,"Are you a sucker for jaw-dropping talent competitions? Announcing The World's Best, a first-of-its-kind new global… https://t.co/fagCMklm2Z",0.5574,0.312,0.152,0.536,99
102,CBS,Tue Feb 06 22:21:39 +0000 2018,"RT @BullCBS: Tonight, one of these 3 TAC employees will end up incarcerated. Who do you think it will be? Tune into a new episode of #Bull…",0.0,0.0,0.0,1.0,98
103,CBS,Tue Feb 06 17:05:49 +0000 2018,"RT @thegoodfight: There's no season like lawyer season. #TheGoodFight returns March 4, exclusively on CBS All Access. https://t.co/XAlrg1nB…",0.0772,0.121,0.106,0.773,97
104,CBS,Sun Feb 04 15:35:36 +0000 2018,"RT @thegoodfight: The acclaimed series returns in 1 month. #TheGoodFight is back Sunday, March 4. https://t.co/5BNLTYRd8p https://t.co/yInP…",0.0,0.0,0.0,1.0,96
105,CBS,Sun Feb 04 12:00:01 +0000 2018,".@KeshaRose's emotional performance with @CyndiLauper, @AndraDayMusic, @BebeRexha and @Camila_Cabello brought the a… https://t.co/qpgS2e9ir0",0.1531,0.118,0.0,0.882,95
106,CBS,Sat Feb 03 23:11:43 +0000 2018,Broadway legend Patti LuPone paid tribute to Sir Andrew Lloyd Webber with a show-stopping rendition of the iconic s… https://t.co/GxqLtUzhFP,0.0,0.0,0.0,1.0,94
107,CBS,Sat Feb 03 12:00:07 +0000 2018,"Relive an entire night's worth of big wins, live performances and many more inspiring moments from The 60th Annual… https://t.co/CH7mJ4Y3QT",0.8268,0.338,0.0,0.662,93
108,CBS,Fri Feb 02 22:36:13 +0000 2018,RT @swatcbs: ?@TheTalkCBS' @TheRealEve and @ShemarMoore brought some serious heat to the GRAMMYs red carpet: https://t.co/WYTITKkLQd https:…,-0.0772,0.0,0.075,0.925,92
109,CBS,Fri Feb 02 20:07:40 +0000 2018,"The all-star collaboration between @Rihanna, @DJKhaled and @brysontiller brought the party to the #GRAMMYs with a s… https://t.co/jTv5QbtgUp",0.4019,0.144,0.0,0.856,91
110,CBS,Fri Feb 02 19:03:33 +0000 2018,RT @TheTalkCBS: All the #redcarpet looks from the 60th annual #GRAMMYs! Did you catch @TheRealEve's sparkly two-piece suit? Diamond accents…,0.4003,0.124,0.0,0.876,90
111,CBS,Fri Feb 02 17:23:18 +0000 2018,Go backstage with the celebs and see which stars celebrated the big night together! Here are the moments you missed… https://t.co/rgQTXRQyLg,0.6114,0.166,0.0,0.834,89
112,CBS,Thu Feb 01 22:04:41 +0000 2018,? @DearEvanHansen star Ben Platt gave a soaring performance of a classic Broadway hit. Watch him perform 'Somewhere… https://t.co/HcuizFWo02,0.0,0.0,0.0,1.0,88
113,CBS,Thu Feb 01 20:09:49 +0000 2018,"? @LittleBigTown, @U2, @BrunoMars and @Pink are just a few of the superstar performers that lit up the stage at The… https://t.co/2v0MNYMItG",0.0,0.0,0.0,1.0,87
114,CBS,Wed Jan 31 21:42:15 +0000 2018,"Don't miss country stars Emmylou Harris and @ChrisStapleton perform a moving rendition of @TomPetty's classic song,… https://t.co/GxoIW97XIu",0.1139,0.088,0.0,0.912,86
115,CBS,Wed Jan 31 17:05:47 +0000 2018,RT @survivorcbs: Get excited! ? It’s finally time to meet the castaways of #Survivor: Ghost Island ? https://t.co/xQQ8ROhKbM https://t.co/P…,0.1007,0.135,0.115,0.75,85
116,CBS,Wed Jan 31 16:37:17 +0000 2018,"Country stars @EricChurch, @BrothersOsborne and @MarenMorris performed a touching tribute dedicated to the victims… https://t.co/YCIq9i70fd",0.4588,0.188,0.0,0.812,84
117,CBS,Wed Jan 31 06:55:30 +0000 2018,Missed the Man vs. Beast #SuperBowlCommercials showdown? Catch up now to find out which entertaining ad was named t… https://t.co/SlyO0n7yMX,0.1779,0.126,0.095,0.779,83
118,CBS,Wed Jan 31 02:15:16 +0000 2018,"RT @rikimae: Ok, that one makes me cry #superbowlcommercials",-0.2263,0.179,0.252,0.569,82
119,CBS,Wed Jan 31 01:58:40 +0000 2018,"If this doesn’t make you cry, nothing will. #SuperBowlCommercials https://t.co/UjFf3xr4so",-0.4767,0.0,0.256,0.744,81
120,CBS,Wed Feb 07 18:35:19 +0000 2018,"RT @startrekcbs: Sunday, this season's epic journey reaches its final reckoning. Catch up before the season finale: https://t.co/4Ea5wpmAep…",0.0516,0.066,0.0,0.934,80
121,CBS,Wed Feb 07 16:17:48 +0000 2018,"Are you a sucker for jaw-dropping talent competitions? Announcing The World's Best, a first-of-its-kind new global… https://t.co/fagCMklm2Z",0.5574,0.312,0.152,0.536,79
122,CBS,Tue Feb 06 22:21:39 +0000 2018,"RT @BullCBS: Tonight, one of these 3 TAC employees will end up incarcerated. Who do you think it will be? Tune into a new episode of #Bull…",0.0,0.0,0.0,1.0,78
123,CBS,Tue Feb 06 17:05:49 +0000 2018,"RT @thegoodfight: There's no season like lawyer season. #TheGoodFight returns March 4, exclusively on CBS All Access. https://t.co/XAlrg1nB…",0.0772,0.121,0.106,0.773,77
124,CBS,Sun Feb 04 15:35:36 +0000 2018,"RT @thegoodfight: The acclaimed series returns in 1 month. #TheGoodFight is back Sunday, March 4. https://t.co/5BNLTYRd8p https://t.co/yInP…",0.0,0.0,0.0,1.0,76
125,CBS,Sun Feb 04 12:00:01 +0000 2018,".@KeshaRose's emotional performance with @CyndiLauper, @AndraDayMusic, @BebeRexha and @Camila_Cabello brought the a… https://t.co/qpgS2e9ir0",0.1531,0.118,0.0,0.882,75
126,CBS,Sat Feb 03 23:11:43 +0000 2018,Broadway legend Patti LuPone paid tribute to Sir Andrew Lloyd Webber with a show-stopping rendition of the iconic s… https://t.co/GxqLtUzhFP,0.0,0.0,0.0,1.0,74
127,CBS,Sat Feb 03 12:00:07 +0000 2018,"Relive an entire night's worth of big wins, live performances and many more inspiring moments from The 60th Annual… https://t.co/CH7mJ4Y3QT",0.8268,0.338,0.0,0.662,73
128,CBS,Fri Feb 02 22:36:13 +0000 2018,RT @swatcbs: ?@TheTalkCBS' @TheRealEve and @ShemarMoore brought some serious heat to the GRAMMYs red carpet: https://t.co/WYTITKkLQd https:…,-0.0772,0.0,0.075,0.925,72
129,CBS,Fri Feb 02 20:07:40 +0000 2018,"The all-star collaboration between @Rihanna, @DJKhaled and @brysontiller brought the party to the #GRAMMYs with a s… https://t.co/jTv5QbtgUp",0.4019,0.144,0.0,0.856,71
130,CBS,Fri Feb 02 19:03:33 +0000 2018,RT @TheTalkCBS: All the #redcarpet looks from the 60th annual #GRAMMYs! Did you catch @TheRealEve's sparkly two-piece suit? Diamond accents…,0.4003,0.124,0.0,0.876,70
131,CBS,Fri Feb 02 17:23:18 +0000 2018,Go backstage with the celebs and see which stars celebrated the big night together! Here are the moments you missed… https://t.co/rgQTXRQyLg,0.6114,0.166,0.0,0.834,69
132,CBS,Thu Feb 01 22:04:41 +0000 2018,? @DearEvanHansen star Ben Platt gave a soaring performance of a classic Broadway hit. Watch him perform 'Somewhere… https://t.co/HcuizFWo02,0.0,0.0,0.0,1.0,68
133,CBS,Thu Feb 01 20:09:49 +0000 2018,"? @LittleBigTown, @U2, @BrunoMars and @Pink are just a few of the superstar performers that lit up the stage at The… https://t.co/2v0MNYMItG",0.0,0.0,0.0,1.0,67
134,CBS,Wed Jan 31 21:42:15 +0000 2018,"Don't miss country stars Emmylou Harris and @ChrisStapleton perform a moving rendition of @TomPetty's classic song,… https://t.co/GxoIW97XIu",0.1139,0.088,0.0,0.912,66
135,CBS,Wed Jan 31 17:05:47 +0000 2018,RT @survivorcbs: Get excited! ? It’s finally time to meet the castaways of #Survivor: Ghost Island ? https://t.co/xQQ8ROhKbM https://t.co/P…,0.1007,0.135,0.115,0.75,65
136,CBS,Wed Jan 31 16:37:17 +0000 2018,"Country stars @EricChurch, @BrothersOsborne and @MarenMorris performed a touching tribute dedicated to the victims… https://t.co/YCIq9i70fd",0.4588,0.188,0.0,0.812,64
137,CBS,Wed Jan 31 06:55:30 +0000 2018,Missed the Man vs. Beast #SuperBowlCommercials showdown? Catch up now to find out which entertaining ad was named t… https://t.co/SlyO0n7yMX,0.1779,0.126,0.095,0.779,63
138,CBS,Wed Jan 31 02:15:16 +0000 2018,"RT @rikimae: Ok, that one makes me cry #superbowlcommercials",-0.2263,0.179,0.252,0.569,62
139,CBS,Wed Jan 31 01:58:40 +0000 2018,"If this doesn’t make you cry, nothing will. #SuperBowlCommercials https://t.co/UjFf3xr4so",-0.4767,0.0,0.256,0.744,61
140,CBS,Wed Jan 31 01:52:46 +0000 2018,"RT @maverickkr: #superbowlcommercials the frogs were great, I'd forgotten about that one.",0.4939,0.256,0.119,0.625,60
141,CBS,Wed Jan 31 01:49:43 +0000 2018,"If you haven't voted yet, it's not too late! Choose your favorite here: https://t.co/s4pEIF5IX8… https://t.co/VCa1YHDyYy",0.5093,0.19,0.0,0.81,59
142,CBS,Wed Jan 31 01:31:27 +0000 2018,RT @5691e44f3b66446: I am having so much fun ...the commercials are awesome #superbowlcommercials,0.8261,0.434,0.0,0.566,58
143,CBS,Wed Jan 31 01:29:10 +0000 2018,RT @LittleShelbyMae: Love watching the #superbowlcommercials all the animal ones are my favorite!!,0.8309,0.414,0.0,0.586,57
144,CBS,Wed Jan 31 01:24:16 +0000 2018,RT @PatHale915: Doritos time machine was great!   #superbowlcommercials,0.6588,0.386,0.0,0.614,56
145,CBS,Wed Jan 31 01:18:37 +0000 2018,Never make a goat angry. #SuperBowlCommercials https://t.co/xRJssdAErk,-0.5106,0.0,0.398,0.602,55
146,CBS,Wed Jan 31 01:17:37 +0000 2018,RT @MsLindsieStarr: That dang goat! #Doritos #superbowlcommercials,0.0,0.0,0.0,1.0,54
147,CBS,Wed Jan 31 01:16:15 +0000 2018,Do you remember this Super Bowl commercial featuring @KevinHart4real playing an overprotective father?… https://t.co/ejLnTEG5ug,0.7525,0.349,0.0,0.651,53
148,CBS,Wed Jan 31 01:08:01 +0000 2018,RT @dRoy: Homework will take a break for now. #superbowlcommercials on cbs is on ?,0.0,0.0,0.0,1.0,52
149,CBS,Wed Jan 31 01:04:34 +0000 2018,RT @Mixxxalv: Watching #superbowlcommercials let the best win!,0.8516,0.58,0.0,0.42,51
150,CBS,Wed Jan 31 01:00:35 +0000 2018,Super Bowl Greatest Commercials 2018 hosts @7BOOMERESIASON and @DanielaRuah are moments away from announcing the tw… https://t.co/cKM1WXPc9u,0.8442,0.351,0.0,0.649,50
151,CBS,Wed Jan 31 00:55:04 +0000 2018,It's Man vs. Beast as these classic Super Bowl spots face off tonight on Super Bowl Greatest Commercials 2018! Tune… https://t.co/GcoSAcfeUd,0.923,0.406,0.0,0.594,49
152,CBS,Wed Jan 31 00:37:20 +0000 2018,"Tonight, get a first look at #ChrisElliott starring in the new @AvosfromMexico Super Bowl Commercial on… https://t.co/WMEjsZfgdg",0.5994,0.206,0.0,0.794,48
153,CBS,Wed Jan 31 00:11:53 +0000 2018,"Join @NCISLA's @DanielaRuah and @7BOOMERESIASON on Super Bowl Greatest Commercials 2018, tonight at 8/7c on CBS and… https://t.co/nzVu1FCRc5",0.8834,0.407,0.0,0.593,47
154,CBS,Tue Jan 30 23:35:01 +0000 2018,Everyone knows the best part of the Super Bowl is the commercials! Find out how to tune in and vote for your favori… https://t.co/KGDYl9oF98,0.8553,0.276,0.0,0.724,46
155,CBS,Tue Jan 30 21:19:22 +0000 2018,Throw it back to this classic Michael Jordan vs. Larry Bird spot tonight on Super Bowl Greatest Commercials 2018! W… https://t.co/g2H4zV7wIN,0.8553,0.306,0.0,0.694,45
156,CBS,Tue Jan 30 18:46:04 +0000 2018,"Super Bowl Greatest Commercials 2018 airs tonight! Cast your vote now, then tune in and vote for the winner live at… https://t.co/h4jGpUheP5",0.9215,0.391,0.0,0.609,44
157,CBS,Tue Jan 30 16:00:02 +0000 2018,Remember when @robinthicke and Lil Wayne (@liltunechi) joined jazz legends on stage at the 51st #GRAMMYs? Watch thi… https://t.co/2l8gBdOrli,0.0,0.0,0.0,1.0,43
158,CBS,Tue Jan 30 04:03:31 +0000 2018,"Tomorrow, catch a sneak peek of the incredible @TiffanyHaddish in her first Super Bowl Commercial for @Groupon on… https://t.co/RlehujNvFN",0.5994,0.187,0.0,0.813,42
159,CBS,Tue Jan 30 03:17:51 +0000 2018,Rapper @Logic301 delivered a poignant message of hope to conclude his powerful performance with @alessiacara and… https://t.co/elSqZExRtN,0.6908,0.289,0.0,0.711,41
160,CBS,Tue Jan 30 02:12:15 +0000 2018,Even our host @JKCorden was starstruck when Broadway icon Patti LuPone performed at The #GRAMMYs! https://t.co/YJhNBllFh6,0.0,0.0,0.0,1.0,40
161,CBS,Tue Jan 30 01:29:06 +0000 2018,Childish Gambino serenaded the crowd with his smooth vocals in this mesmerizing performance. Watch him perform 'Ter… https://t.co/TkWZP7PS22,-0.296,0.0,0.115,0.885,39
162,CBS,Tue Jan 30 00:11:05 +0000 2018,.@OfficialSting and @shaggy757 joined together to bring their upbeat reggae vibes to Madison Square Garden. Watch t… https://t.co/iqq0DbM1IR,0.0,0.0,0.0,1.0,38
163,CBS,Mon Jan 29 22:45:21 +0000 2018,Superstar @Pink left it all on the stage last night in a simply stunning performance that brought the crowd to thei… https://t.co/B9Tj5INcNu,0.3818,0.115,0.0,0.885,37
164,CBS,Mon Jan 29 22:10:15 +0000 2018,Check out these photos of the night's best backstage moments you didn't see on TV! Here's what you missed at The 60… https://t.co/6TBI8NV8JJ,0.5093,0.162,0.079,0.758,36
165,CBS,Mon Jan 29 20:00:04 +0000 2018,The dapper duo of @itstonybennett and @johnlegend brought down the #GRAMMYs house with an impromptu duet.… https://t.co/ucRrAFk59f,0.0,0.0,0.0,1.0,35
166,CBS,Mon Jan 29 19:00:05 +0000 2018,?@BrunoMars worked his 24K Magic to become the night's biggest winner. See his #GRAMMYs acceptance speech for Album… https://t.co/dXzjWH0myx,0.7783,0.286,0.0,0.714,34
167,CBS,Mon Jan 29 18:00:02 +0000 2018,When your win at The #GRAMMYs feels like 24K Magic! Congratulations to @BrunoMars for taking home six awards this y… https://t.co/UhWCE8OKfK,0.9259,0.442,0.0,0.558,33
168,CBS,Mon Jan 29 17:15:04 +0000 2018,?@LadyGaga's stripped-down performance soared on the #GRAMMYs stage. See all the night's performances here:… https://t.co/Dw6xSzeeGC,0.0,0.0,0.0,1.0,32
169,CBS,Mon Jan 29 16:00:05 +0000 2018,"Relive epic GRAMMY rock performances from @Metallica, @beck, @coldplay and more on @AppleMusic. Start your free tri… https://t.co/xmkaZGjlMM",0.5106,0.163,0.0,0.837,31
170,CBS,Mon Jan 29 15:00:03 +0000 2018,"The #GRAMMYs were full of emotional performances, stirring speeches, and jaw-dropping fashion. See all the red carp… https://t.co/yqpOW9tWm3",0.1531,0.086,0.0,0.914,30
171,CBS,Mon Jan 29 14:00:02 +0000 2018,Watch @BrunoMars and @iamcardib pull out all the stops at the #GRAMMYs for their fun and funky duet of 'Finesse.'… https://t.co/z1ZTosotw9,0.3182,0.136,0.123,0.741,29
172,CBS,Mon Jan 29 13:00:01 +0000 2018,"With his powerful single 'Pray,"" @samsmithworld captivated the #GRAMMYs crowd. Watch the full performance:… https://t.co/159qGVFyxW",0.6597,0.293,0.0,0.707,28
173,CBS,Mon Jan 29 12:00:03 +0000 2018,Music's biggest stars came together for a night of celebration and song at the The 60th Annual #GRAMMYs! Stream the… https://t.co/flFIflTQ5s,0.0,0.0,0.0,1.0,27
174,CBS,Mon Jan 29 08:18:18 +0000 2018,The stage was packed with star power from start to finish on Music's Biggest Night®! Catch up on all the live perfo… https://t.co/Mzqp82FiUS,0.0,0.0,0.0,1.0,26
175,CBS,Mon Jan 29 07:40:26 +0000 2018,See who won big on Music's Biggest Night®?: https://t.co/yyb8bwMqEx #GRAMMYs https://t.co/OgV3UcK3jw,0.5719,0.27,0.0,0.73,25
176,CBS,Mon Jan 29 07:25:04 +0000 2018,Get ready to sing along as @eltonofficial and @MileyCyrus deliver an unforgettable rendition of the iconic song 'Ti… https://t.co/upVo9SZUCh,0.3612,0.122,0.0,0.878,24
177,CBS,Mon Jan 29 07:01:01 +0000 2018,"See @littlebigtown belt out a heartfelt version of their hit song 'Better Man,' written by @taylorswift13:… https://t.co/mQJZ4lIOtZ",0.7506,0.314,0.0,0.686,23
178,CBS,Mon Jan 29 06:15:02 +0000 2018,See @U2's intense #GRAMMYs performance in front of the majestic Statue of Liberty: https://t.co/Y1ZhzDYPdt https://t.co/SOf9kpMHOq,0.5719,0.266,0.0,0.734,22
179,CBS,Mon Jan 29 05:34:44 +0000 2018,"Relive @LuisFonsi, @daddy_yankee, and @zuleyka_rivera's electric performance of 'Despacito' that lit up the… https://t.co/9m1mytX9VW",0.0,0.0,0.0,1.0,21
180,CBS,Mon Jan 29 04:19:55 +0000 2018,We caught up with @imjmichaels on the #GRAMMYs red carpet and learned all about how @IBM is using Watson and AI to… https://t.co/sJpn44xPnV,0.0,0.0,0.0,1.0,20
181,CBS,Mon Jan 29 04:12:46 +0000 2018,"It was real y'all. Congratulations to everyone who won and all who were nominated. Finally, thank you to everyone w… https://t.co/jqBkGTtEyM",0.8779,0.359,0.0,0.641,19
182,CBS,Mon Jan 29 04:10:47 +0000 2018,Drippin' in finesse ? @BrunoMars wins Album Of The Year at The #GRAMMYs! See all of the winners here:… https://t.co/BK4bF9ggSI,0.7959,0.294,0.0,0.706,18
183,CBS,Mon Jan 29 03:58:49 +0000 2018,That. Performance. Wow. #GRAMMYs https://t.co/rDg37rzQvn,0.5859,0.487,0.0,0.513,17
184,CBS,Mon Jan 29 03:55:24 +0000 2018,"RT @CBSNews: ""My father, if you are watching this dad, I love you. Look at me, pop, look at me, I'm at the #Grammys right now!"" @BrunoMars…",0.6696,0.152,0.0,0.848,16
185,CBS,Mon Jan 29 03:55:20 +0000 2018,"RT @CBSNews: .@HillaryClinton makes an appearance at #Grammys during a reading of ""Fire and Fury."" The book details President Trump's first…",-0.34,0.0,0.112,0.888,15
186,CBS,Mon Jan 29 03:53:06 +0000 2018,You don't want to miss a moment of The #GRAMMYs. Watch now on CBS and CBS All Access: https://t.co/rtZ7sSGFOC https://t.co/oVvgF0CNLr,0.0572,0.073,0.062,0.864,14
187,CBS,Mon Jan 29 03:50:25 +0000 2018,"RT @TheSaraNoH: Thank you @RecordingAcad for helping to keep music in schools! 

#GRAMMYs",0.6114,0.312,0.0,0.688,13
188,CBS,Mon Jan 29 03:49:19 +0000 2018,RT @pawprintedzoe: Music is a beautiful thing #Grammys,0.5994,0.394,0.0,0.606,12
189,CBS,Mon Jan 29 03:46:27 +0000 2018,What was your favorite #GRAMMY moment from tonight? https://t.co/x3q4ZhltV9,0.4588,0.273,0.0,0.727,11
190,CBS,Mon Jan 29 03:45:43 +0000 2018,24K Magic is in the air at the 60th Annual #GRAMMYs! @BrunoMars wins Record Of The Year! See all of the winners her… https://t.co/jGaqsvQt7W,0.8118,0.251,0.0,0.749,10
191,CBS,Mon Jan 29 03:37:35 +0000 2018,RT @CBSTweet: Cute family alert! @pink ? #GRAMMYs https://t.co/isveVC8aoJ,0.6696,0.478,0.0,0.522,9
192,CBS,Mon Jan 29 03:37:27 +0000 2018,"Slay all day, @sza! #GRAMMYs https://t.co/h1oCVMZE55",0.0,0.0,0.0,1.0,8
193,CBS,Mon Jan 29 03:34:36 +0000 2018,CBS Stars @shemarmoore from @swatcbs and @TheRealEve from @TheTalkCBS charming the crowd at The 60th Annual #GRAMMYs https://t.co/HLnRBE2rFW,0.5859,0.183,0.0,0.817,7
194,CBS,Mon Jan 29 03:27:04 +0000 2018,"RT @Jordan_Roth: And THAT is how it’s done, kids. #Patti #GRAMMYs",0.0,0.0,0.0,1.0,6
195,CBS,Mon Jan 29 03:25:53 +0000 2018,??? https://t.co/VZB0QEbajw,0.0,0.0,0.0,1.0,5
196,CBS,Mon Jan 29 03:25:26 +0000 2018,RT @AnnaKendrick47: Punish me with those vocals @BenSPLATT ? #GRAMMYs,-0.5267,0.0,0.298,0.702,4
197,CBS,Mon Jan 29 03:24:02 +0000 2018,"Blue Ivy doesn't wanna miss a minute of the action. ? 

Watch The #GRAMMYs now on CBS and CBS All Access:… https://t.co/26zRlvLKgl",0.1139,0.071,0.0,0.929,3
198,CBS,Mon Jan 29 03:20:49 +0000 2018,The #GRAMMYs is a family affair...or is it? https://t.co/ohPdzp8jIZ,0.0,0.0,0.0,1.0,2
199,CNN,Thu Feb 08 11:31:25 +0000 2018,"For the first time ever, the Gerber spokesbaby is a child with Down syndrome https://t.co/gbW8OQNRFU https://t.co/f2YlZ8onmk",0.0,0.0,0.0,1.0,100
200,CNN,Thu Feb 08 11:24:03 +0000 2018,"Congress set to vote on budget deal

The two-year agreement increases budget caps and significantly increases spend… https://t.co/20k4GdUZsN",0.4939,0.158,0.0,0.842,99
201,CNN,Thu Feb 08 11:15:32 +0000 2018,No American should be spied upon without judicial review | @CNNOpinion https://t.co/qeAwRLwxVI,-0.296,0.0,0.18,0.82,98
202,CNN,Thu Feb 08 11:07:44 +0000 2018,One in five people working at Britain's Parliament say they have experienced or witnessed sexual harassment or inap… https://t.co/ZjothT1CUO,-0.5423,0.0,0.163,0.837,97
203,CNN,Thu Feb 08 10:55:30 +0000 2018,Oprah says she's not running for president. Again. https://t.co/S1X722DHaX https://t.co/E3vxxpaNDc,0.0,0.0,0.0,1.0,96
204,CNN,Thu Feb 08 10:44:00 +0000 2018,A 2012 study found that sleepiness while driving carried almost as much risk as alcohol ingestion. https://t.co/47xwfsS9j1,-0.2111,0.0,0.109,0.891,95
205,CNN,Thu Feb 08 10:32:52 +0000 2018,"""A symphony conductor knows more about how to lead than most businesspeople — more than Trump does."" https://t.co/rZkXXaHjr5",0.0,0.0,0.0,1.0,94
206,CNN,Thu Feb 08 10:21:53 +0000 2018,"""You mean Mike Pence, the same Mike Pence that funded gay conversion therapy?"" https://t.co/itRdUM7S2m",0.0,0.0,0.0,1.0,93
207,CNN,Thu Feb 08 10:10:39 +0000 2018,"Bermuda is ""the first national territory in the world to repeal marriage equality,"" according to the Human Rights C… https://t.co/XFMhvH9bmt",0.0,0.0,0.0,1.0,92
208,CNN,Thu Feb 08 10:00:42 +0000 2018,RT @CNNStyle: You are looking at the darkest building on earth. Painted using Vantablack VBx2 — a material that absorbs 99% of light — it i…,-0.4939,0.0,0.127,0.873,91
209,CNN,Thu Feb 08 10:00:21 +0000 2018,RT @cnnsport: Curling? Luge? Biathlon? We don't blame you if you don't know much about these sports. Here's how to sound like an expert in…,0.6219,0.181,0.0,0.819,90
210,CNN,Thu Feb 08 09:59:27 +0000 2018,US authorities have indicted 36 people for stealing more than $530 million from victims across the world in one of… https://t.co/7Zpspf9Dlw,-0.7184,0.0,0.24,0.76,89
211,CNN,Thu Feb 08 09:48:37 +0000 2018,"Simple answer: Donald Trump, says @CillizzaCNN https://t.co/E09H7JELcw",0.0,0.0,0.0,1.0,88
212,CNN,Thu Feb 08 09:37:41 +0000 2018,"Monetary stimulus created a pseudo wealth effect, explains one expert https://t.co/0Z85IZ5bzw",0.6369,0.394,0.0,0.606,87
213,CNN,Thu Feb 08 09:27:01 +0000 2018,"You've just launched one of the most powerful rockets ever built. What are you gonna do now? 
https://t.co/Mio2wJLYAw",0.5563,0.223,0.0,0.777,86
214,CNN,Thu Feb 08 09:16:01 +0000 2018,"Early internet rights advocate John Perry Barlow, cofounder of the Electronic Frontier Foundation, has died at age… https://t.co/njMomWD7fw",-0.5574,0.0,0.175,0.825,85
215,CNN,Thu Feb 08 09:08:45 +0000 2018,Millions of German workers are winning the fight for a 28-hour work week https://t.co/diBi7nzzJP https://t.co/XdcGQPOlPI,0.2023,0.189,0.144,0.667,84
216,CNN,Thu Feb 08 09:01:07 +0000 2018,The US has held military parades before. This is what they looked like: https://t.co/Ae80Tjv4RX https://t.co/3lEb9gizE0,0.3612,0.152,0.0,0.848,83
217,CNN,Thu Feb 08 08:50:14 +0000 2018,Paris or China? These stunning photos compare Paris to a Chinese city that doubles as a large-scale replica of the… https://t.co/90NAZIwIS5,0.3818,0.126,0.0,0.874,82
218,CNN,Thu Feb 08 08:39:04 +0000 2018,"Drowsy driving is a factor in almost 10% of crashes, study finds https://t.co/8yefLZPeFf",0.0,0.0,0.0,1.0,81
219,CNN,Thu Feb 08 11:31:25 +0000 2018,"For the first time ever, the Gerber spokesbaby is a child with Down syndrome https://t.co/gbW8OQNRFU https://t.co/f2YlZ8onmk",0.0,0.0,0.0,1.0,80
220,CNN,Thu Feb 08 11:24:03 +0000 2018,"Congress set to vote on budget deal

The two-year agreement increases budget caps and significantly increases spend… https://t.co/20k4GdUZsN",0.4939,0.158,0.0,0.842,79
221,CNN,Thu Feb 08 11:15:32 +0000 2018,No American should be spied upon without judicial review | @CNNOpinion https://t.co/qeAwRLwxVI,-0.296,0.0,0.18,0.82,78
222,CNN,Thu Feb 08 11:07:44 +0000 2018,One in five people working at Britain's Parliament say they have experienced or witnessed sexual harassment or inap… https://t.co/ZjothT1CUO,-0.5423,0.0,0.163,0.837,77
223,CNN,Thu Feb 08 10:55:30 +0000 2018,Oprah says she's not running for president. Again. https://t.co/S1X722DHaX https://t.co/E3vxxpaNDc,0.0,0.0,0.0,1.0,76
224,CNN,Thu Feb 08 10:44:00 +0000 2018,A 2012 study found that sleepiness while driving carried almost as much risk as alcohol ingestion. https://t.co/47xwfsS9j1,-0.2111,0.0,0.109,0.891,75
225,CNN,Thu Feb 08 10:32:52 +0000 2018,"""A symphony conductor knows more about how to lead than most businesspeople — more than Trump does."" https://t.co/rZkXXaHjr5",0.0,0.0,0.0,1.0,74
226,CNN,Thu Feb 08 10:21:53 +0000 2018,"""You mean Mike Pence, the same Mike Pence that funded gay conversion therapy?"" https://t.co/itRdUM7S2m",0.0,0.0,0.0,1.0,73
227,CNN,Thu Feb 08 10:10:39 +0000 2018,"Bermuda is ""the first national territory in the world to repeal marriage equality,"" according to the Human Rights C… https://t.co/XFMhvH9bmt",0.0,0.0,0.0,1.0,72
228,CNN,Thu Feb 08 10:00:42 +0000 2018,RT @CNNStyle: You are looking at the darkest building on earth. Painted using Vantablack VBx2 — a material that absorbs 99% of light — it i…,-0.4939,0.0,0.127,0.873,71
229,CNN,Thu Feb 08 10:00:21 +0000 2018,RT @cnnsport: Curling? Luge? Biathlon? We don't blame you if you don't know much about these sports. Here's how to sound like an expert in…,0.6219,0.181,0.0,0.819,70
230,CNN,Thu Feb 08 09:59:27 +0000 2018,US authorities have indicted 36 people for stealing more than $530 million from victims across the world in one of… https://t.co/7Zpspf9Dlw,-0.7184,0.0,0.24,0.76,69
231,CNN,Thu Feb 08 09:48:37 +0000 2018,"Simple answer: Donald Trump, says @CillizzaCNN https://t.co/E09H7JELcw",0.0,0.0,0.0,1.0,68
232,CNN,Thu Feb 08 09:37:41 +0000 2018,"Monetary stimulus created a pseudo wealth effect, explains one expert https://t.co/0Z85IZ5bzw",0.6369,0.394,0.0,0.606,67
233,CNN,Thu Feb 08 09:27:01 +0000 2018,"You've just launched one of the most powerful rockets ever built. What are you gonna do now? 
https://t.co/Mio2wJLYAw",0.5563,0.223,0.0,0.777,66
234,CNN,Thu Feb 08 09:16:01 +0000 2018,"Early internet rights advocate John Perry Barlow, cofounder of the Electronic Frontier Foundation, has died at age… https://t.co/njMomWD7fw",-0.5574,0.0,0.175,0.825,65
235,CNN,Thu Feb 08 09:08:45 +0000 2018,Millions of German workers are winning the fight for a 28-hour work week https://t.co/diBi7nzzJP https://t.co/XdcGQPOlPI,0.2023,0.189,0.144,0.667,64
236,CNN,Thu Feb 08 09:01:07 +0000 2018,The US has held military parades before. This is what they looked like: https://t.co/Ae80Tjv4RX https://t.co/3lEb9gizE0,0.3612,0.152,0.0,0.848,63
237,CNN,Thu Feb 08 08:50:14 +0000 2018,Paris or China? These stunning photos compare Paris to a Chinese city that doubles as a large-scale replica of the… https://t.co/90NAZIwIS5,0.3818,0.126,0.0,0.874,62
238,CNN,Thu Feb 08 08:39:04 +0000 2018,"Drowsy driving is a factor in almost 10% of crashes, study finds https://t.co/8yefLZPeFf",0.0,0.0,0.0,1.0,61
239,CNN,Thu Feb 08 08:31:04 +0000 2018,A recent bloom in bioluminescent phytoplankton has turned the breathtaking waves of Big Sur into a full-blown spect… https://t.co/kdoRDeuZEL,0.4588,0.158,0.0,0.842,60
240,CNN,Thu Feb 08 08:28:02 +0000 2018,"North Korea's all-female cheer squad may be grabbing the press at this year's Winter Olympics, but the South has a… https://t.co/OPCKmd9pPF",0.2846,0.097,0.0,0.903,59
241,CNN,Thu Feb 08 08:01:04 +0000 2018,Dunkin' Donuts pledges to eliminate polystyrene styrofoam cups from its global supply chain in favor of a greener o… https://t.co/23Z7tWU847,0.4019,0.13,0.0,0.87,58
242,CNN,Thu Feb 08 07:43:03 +0000 2018,Reddit is following other internet platforms in cracking down on fake porn that's made with the help of artificial… https://t.co/IfhGj6Tvr1,-0.1027,0.113,0.13,0.756,57
243,CNN,Thu Feb 08 07:36:30 +0000 2018,"North Korea staged a highly-anticipated military parade through the capital Pyongyang on Thursday, a diplomatic sou… https://t.co/pG4lpzKALD",0.0,0.0,0.0,1.0,56
244,CNN,Thu Feb 08 07:31:05 +0000 2018,"Mister Rogers will soon live in every neighborhood across America, thanks to a stamp issued by the United States Po… https://t.co/03Hqs5ELJB",0.6908,0.241,0.0,0.759,55
245,CNN,Thu Feb 08 07:22:35 +0000 2018,"Early internet rights advocate John Perry Barlow, cofounder of the Electronic Frontier Foundation, has died at age… https://t.co/DNajHkGq8h",-0.5574,0.0,0.175,0.825,54
246,CNN,Thu Feb 08 07:15:03 +0000 2018,Tesla says its losses soared to $675 million in the final three months of 2017 as the company worked to ramp up pro… https://t.co/uvSmQgOsmQ,-0.4019,0.0,0.105,0.895,53
247,CNN,Thu Feb 08 07:02:24 +0000 2018,"A police officer in Texas who was shot while responding to a call Wednesday night, died from his injuries https://t.co/X7lI0kIHlA",-0.5574,0.0,0.175,0.825,52
248,CNN,Thu Feb 08 07:01:04 +0000 2018,"As many as 60 Russians are expected to attend the National Prayer Breakfast in Washington, more than three times la… https://t.co/yV99ZFmAt9",0.0,0.0,0.0,1.0,51
249,CNN,Thu Feb 08 06:56:25 +0000 2018,One woman. Two lives. Infinite questions. The Radical Story of #PattyHearst premieres Sunday. https://t.co/oceCFRSsyP,0.0,0.0,0.0,1.0,50
250,CNN,Thu Feb 08 06:54:00 +0000 2018,A televangelist with ties to US President Donald Trump says you don't need a flu vaccine if you have Jesus Christ… https://t.co/Z1w8z2ytyZ,0.2924,0.103,0.0,0.897,49
251,CNN,Thu Feb 08 06:48:50 +0000 2018,Researchers have determined that a magnetic power struggle could be behind all solar eruptions. These findings migh… https://t.co/OMLqikGIat,0.0258,0.122,0.117,0.761,48
252,CNN,Thu Feb 08 06:41:25 +0000 2018,It's nearly Valentine's Day and your relationship has hit a rough patch. Now what? https://t.co/ykAGClvpND,0.0,0.0,0.0,1.0,47
253,CNN,Thu Feb 08 06:31:07 +0000 2018,Millions of German workers are winning the fight for a 28-hour work week https://t.co/c7CjXIm9QL https://t.co/p7feSKs5Cc,0.2023,0.189,0.144,0.667,46
254,CNN,Thu Feb 08 06:27:31 +0000 2018,"RT @CNNTonight: Rep. Mike Quigley tells @DonLemon that House Speaker Paul Ryan must ""step up"" before there is a constitutional crisis, rega…",-0.6249,0.0,0.17,0.83,45
255,CNN,Thu Feb 08 06:22:42 +0000 2018,Paris or China? These stunning photos compare Paris to a Chinese city that doubles as a large-scale replica of the… https://t.co/sioD0oOG0K,0.3818,0.126,0.0,0.874,44
256,CNN,Thu Feb 08 06:15:30 +0000 2018,Oprah once again says she's not running for president https://t.co/utD2MoPa2B https://t.co/Pj3Cpb60gG,0.0,0.0,0.0,1.0,43
257,CNN,Thu Feb 08 06:07:09 +0000 2018,US authorities have indicted 36 people for stealing more than $530 million from victims across the world in one of… https://t.co/YoNOH9cgtc,-0.7184,0.0,0.24,0.76,42
258,CNN,Thu Feb 08 06:01:06 +0000 2018,Most African dwarf crocodiles are a grayish tone. But these mystery crocs are bright orange with red eyes… https://t.co/azNzIIzZVA,0.4404,0.146,0.0,0.854,41
259,CNN,Thu Feb 08 05:50:32 +0000 2018,Curling? Luge? Biathlon? We don't blame you if you don't know much about these sports. Here's how to sound like an… https://t.co/cqTF7spb2H,0.6219,0.202,0.0,0.798,40
260,CNN,Thu Feb 08 05:46:34 +0000 2018,"More than two months after the death of a US Border Patrol agent on duty in Texas, the FBI hasn't found any evidenc… https://t.co/QDBEoKkrTR",-0.5994,0.0,0.151,0.849,39
261,CNN,Thu Feb 08 05:46:04 +0000 2018,The owner of the Los Angeles Times has reached a deal to sell the paper to a biotech billionaire… https://t.co/nyB7bk4U6u,0.1027,0.076,0.0,0.924,38
262,CNN,Thu Feb 08 05:39:09 +0000 2018,"John Geddert, a US Olympic coach in 2012 and onetime owner of an elite Michigan gymnastics club, is the subject of… https://t.co/xlHxGmDxzU",0.0,0.0,0.0,1.0,37
263,CNN,Thu Feb 08 05:38:21 +0000 2018,"For the first time ever, the Gerber spokesbaby is a child with Down syndrome https://t.co/9CN2l85Dqk https://t.co/jebUx6cuSB",0.0,0.0,0.0,1.0,36
264,CNN,Thu Feb 08 05:35:51 +0000 2018,RT @CNNTonight: Olympic diving gold medalist Greg Louganis weighs in on a report that a gay Olympic athlete turned down a meeting with Vice…,0.0772,0.061,0.0,0.939,35
265,CNN,Thu Feb 08 05:33:36 +0000 2018,"RT @AC360: A televangelist with ties to President Trump caused a stir by telling her viewers ""Jesus himself gave us the flu shot""

@Anderso…",-0.3818,0.0,0.11,0.89,34
266,CNN,Thu Feb 08 05:31:03 +0000 2018,"Kim Jong Un's younger sister will be in the official Olympic delegation, the first time any member of the Kim dynas… https://t.co/OInQadaSOq",0.0,0.0,0.0,1.0,33
267,CNN,Thu Feb 08 05:16:05 +0000 2018,"For the first time ever, the Gerber spokesbaby is a child with Down syndrome https://t.co/sCHnC4e5VQ https://t.co/dnNRqOG0Vu",0.0,0.0,0.0,1.0,32
268,CNN,Thu Feb 08 05:02:14 +0000 2018,President Trump wants a military parade. Here's how other countries do it https://t.co/zh71SWkK5I https://t.co/mNKlto7SFP,0.0,0.0,0.0,1.0,31
269,CNN,Thu Feb 08 05:00:46 +0000 2018,"US-led coalition launches air and artillery strikes in Syria, killing more than 100 pro-Assad regime fighters https://t.co/DZYpYGTQHh",-0.7964,0.0,0.367,0.633,30
270,CNN,Thu Feb 08 04:31:06 +0000 2018,These Dreamers will leave the US if a DACA deal isn't reached https://t.co/t9xcw7XRVI https://t.co/yL3vrpa0pa,-0.127,0.0,0.185,0.815,29
271,CNN,Thu Feb 08 04:16:06 +0000 2018,Democrats picked up a state House seat Tuesday in a Missouri legislative district that President Trump won easily i… https://t.co/9pE062r0hp,0.7269,0.276,0.0,0.724,28
272,CNN,Thu Feb 08 04:13:58 +0000 2018,North Korea isn't interested in talking to the US delegation on the sidelines of the Winter Olympics in Pyeongchang https://t.co/PAyO6it6JN,-0.3089,0.0,0.106,0.894,27
273,CNN,Thu Feb 08 04:01:03 +0000 2018,At least 33 people have tested positive for HIV in northern India after a fake doctor allegedly used a tainted need… https://t.co/vACJPtEHNA,0.128,0.146,0.126,0.729,26
274,CNN,Thu Feb 08 03:46:04 +0000 2018,"The solar industry shed nearly 10,000 jobs in 2017, a 4% drop from 2016 and the first time solar jobs have fallen s… https://t.co/tUg3dwb82u",-0.5574,0.0,0.18,0.82,25
275,CNN,Thu Feb 08 03:42:37 +0000 2018,Bermuda Gov. John Rankin has signed a bill legalizing domestic partnerships for the British territory -- an action… https://t.co/XaHcOqMnBG,0.0,0.0,0.0,1.0,24
276,CNN,Thu Feb 08 03:42:21 +0000 2018,"RT @CNNTonight: ""I have real suspicions that the White House won't attempt to neuter the memo. I actually be surprised if they release it,""…",-0.1531,0.075,0.098,0.827,23
277,CNN,Thu Feb 08 03:40:23 +0000 2018,"During the ""Celebrity Big Brother"" season premiere, Omarosa Manigault-Newman referenced her recent stint in Washing… https://t.co/uw4mncMyY4",0.0,0.0,0.0,1.0,22
278,CNN,Thu Feb 08 03:35:10 +0000 2018,"Rob Porter will be out as early as Thurs., a senior WH official said, as the West Wing scrambles to contain fallout… https://t.co/zucLQxLVI2",-0.5574,0.0,0.146,0.854,21
279,CNN,Thu Feb 08 03:31:07 +0000 2018,"Herpes infections are decreasing across nearly every demographic in the United States, according to a new report https://t.co/i50SNFwCAV",0.4215,0.149,0.0,0.851,20
280,CNN,Thu Feb 08 03:23:24 +0000 2018,This is Hong Kong like you haven't seen it before. Watch a time-lapse video from the often-foggy mountains surround… https://t.co/s7meE0hNH5,0.3612,0.122,0.0,0.878,19
281,CNN,Thu Feb 08 03:18:17 +0000 2018,"North Korea's all-female cheer squad may be grabbing the press at this year's Winter Olympics, but the South has a… https://t.co/QnIt286MbX",0.2846,0.097,0.0,0.903,18
282,CNN,Thu Feb 08 03:16:05 +0000 2018,"The Winter Olympics start this week in Pyeongchang, South Korea. But don't expect to see hordes of Americans in the… https://t.co/jFgPAYdAET",0.0,0.0,0.0,1.0,17
283,CNN,Thu Feb 08 03:00:16 +0000 2018,"Canadian Prime Minister Justin Trudeau said he is ""legitimately concerned"" about the future of NAFTA, but he mainta… https://t.co/f3V1K4w2YS",0.0,0.0,0.0,1.0,16
284,CNN,Thu Feb 08 02:53:16 +0000 2018,"RT @AC360: ""That's just fantasy"" Anderson Cooper on WH Chief of Staff John Kelly's claim that ""women were sacred"" when he was a kid growing…",0.0,0.0,0.0,1.0,15
285,CNN,Thu Feb 08 02:47:10 +0000 2018,"Democratic Rep. Jim Himes, intel panel member: I wouldn't expect to see any redactions on the Democrats' response t… https://t.co/zNDyYvLKfB",0.0,0.0,0.0,1.0,14
286,CNN,Thu Feb 08 02:46:13 +0000 2018,"Akwasi Frimpong is sliding headfirst into a sport that is not synonymous with Ghana, let alone the continent of Afr… https://t.co/y07Uy5QhcE",-0.25,0.0,0.095,0.905,13
287,CNN,Thu Feb 08 02:34:36 +0000 2018,"Keeping Them Honest: Bombshell or bunk? The revelations from the newly released FBI texts seem to be mostly bunk, r… https://t.co/lZu48zFcaW",0.5106,0.142,0.0,0.858,12
288,CNN,Thu Feb 08 02:25:59 +0000 2018,"RT @AC360: A brief history of domestic violence allegations against White House personnel, all the way to the very top: @randikayeCNN repor…",-0.4601,0.083,0.163,0.754,11
289,CNN,Thu Feb 08 02:17:56 +0000 2018,The US Air Force Academy mismanaged its sexual assault prevention and response program during the 2017 academic yea… https://t.co/cwJDscUQ6c,-0.5859,0.0,0.174,0.826,10
290,CNN,Thu Feb 08 02:09:43 +0000 2018,"Meghan McCain says she believes President Trump won't personally attack her father, Sen. John McCain, again… https://t.co/9FUhXPCyB1",0.3724,0.138,0.0,0.862,9
291,CNN,Thu Feb 08 01:51:31 +0000 2018,"""The forecast is for continued rain"" ... on President Trump's proposed military parade, says CNN's Jeanne Moos ?… https://t.co/jyNcWV19wi",0.0,0.0,0.0,1.0,8
292,CNN,Thu Feb 08 01:42:34 +0000 2018,"""Borrowing, borrowing, borrowing is something President Trump knows a lot about"": CNN's Erin Burnett says borrowing… https://t.co/sGgkmaUFiu",0.0,0.0,0.0,1.0,7
293,CNN,Thu Feb 08 01:31:13 +0000 2018,"""Would you rather spend that money on ammunition or weapons capabilities for our soldiers who are risking their liv… https://t.co/3B474ByImh",-0.6369,0.0,0.224,0.776,6
294,CNN,Thu Feb 08 01:21:06 +0000 2018,"House Minority Leader Nancy Pelosi spoke for more than 8 hours about the DACA program, setting the record for the l… https://t.co/kKqoq06lP3",0.0,0.0,0.0,1.0,5
295,CNN,Thu Feb 08 01:10:11 +0000 2018,Paris or China? These stunning photos compare Paris to a Chinese city that doubles as a large-scale replica of the… https://t.co/j9y83wlc63,0.3818,0.126,0.0,0.874,4
296,CNN,Thu Feb 08 01:00:17 +0000 2018,The pre-Trump Republican Party is dead | Analysis by @CillizzaCNN https://t.co/wk7rU3vEzH https://t.co/eiaaXG5b1h,-0.3818,0.169,0.269,0.562,3
297,CNN,Thu Feb 08 00:49:34 +0000 2018,"""The President is looking out for himself only and the Republican Party seems to only be looking out for the Presid… https://t.co/6ABFvtsvxL",0.4019,0.114,0.0,0.886,2
298,CNN,Thu Feb 08 00:45:15 +0000 2018,"RT @OutFrontCNN: ""This president received 51% of the white, married woman's vote... this does not bode well. And it goes back into some of…",-0.2057,0.0,0.073,0.927,1
299,FoxNews,Thu Feb 08 11:30:47 +0000 2018,Chuck Rocha: “There’s a lot of political pressure on Democrats around this DACA issue.” @FoxFriendsFirst https://t.co/WUVvgmKZKA,-0.296,0.0,0.136,0.864,100
300,FoxNews,Thu Feb 08 11:22:33 +0000 2018,.@jasoninthehouse: “The core of this is: What did Hillary Clinton do or not do?” @FoxFriendsFirst https://t.co/UIZViVZhSY,0.0,0.0,0.0,1.0,99
301,FoxNews,Thu Feb 08 11:13:01 +0000 2018,.@Eagles Super Bowl Parade Today @jillianmele @FoxFriendsFirst https://t.co/0rXBgXAduA https://t.co/jE5Q3CWYhQ,0.5994,0.328,0.0,0.672,98
302,FoxNews,Thu Feb 08 11:11:20 +0000 2018,Philadelphia expects 2 million fans for @Eagles victory parade https://t.co/eakNttBxvA,0.0,0.0,0.0,1.0,97
303,FoxNews,Thu Feb 08 10:59:22 +0000 2018,.@JaniceDean gives an update on the weather on @FoxFriendsFirst https://t.co/qchT4FReo0,0.0,0.0,0.0,1.0,96
304,FoxNews,Thu Feb 08 10:57:28 +0000 2018,Seven soldier athletes set to join Team USA at 2018 Olympic Winter Games https://t.co/l9lY03AXDf,0.296,0.145,0.0,0.855,95
305,FoxNews,Thu Feb 08 09:58:00 +0000 2018,"North Korean leader Kim Jong Un's sister, South Korean leader Moon to meet at Olympics opener https://t.co/dyUvm8Ed7Q",0.0,0.0,0.0,1.0,94
306,FoxNews,Thu Feb 08 09:52:00 +0000 2018,Mother of top high school football recruit walks away after he chooses Florida (via @RyanGaydos) https://t.co/hOCvvTEGAA,0.2023,0.107,0.0,0.893,93
307,FoxNews,Thu Feb 08 09:50:05 +0000 2018,".@robertjeffress: ""I think it's comforting to know that we have a Commander-in-Chief who is not too proud to acknow… https://t.co/EvysPUOM0r",0.0377,0.121,0.115,0.764,92
308,FoxNews,Thu Feb 08 09:47:04 +0000 2018,"On March 23, the U.S. Postal Service plans to issue a new stamp featuring the classic children's TV host 'Mister Ro… https://t.co/JrG5EgYi5j",0.0,0.0,0.0,1.0,91
309,FoxNews,Thu Feb 08 09:42:00 +0000 2018,"Secrecy on president's exit bad for South Africa, group says https://t.co/Wb7XTRrpgs",-0.5423,0.0,0.259,0.741,90
310,FoxNews,Thu Feb 08 09:37:00 +0000 2018,"Creator of tri-level tree house facing legal trouble, authorities say https://t.co/ZONosNqCn1",-0.296,0.114,0.205,0.682,89
311,FoxNews,Thu Feb 08 09:30:31 +0000 2018,Emergency crews 'everywhere' after Southwest flight slumps forward on nose after skidding off taxiway in Maryland https://t.co/p205sM0YsB,-0.3818,0.0,0.14,0.86,88
312,FoxNews,Thu Feb 08 09:25:26 +0000 2018,"""You always follow the money and you find out that the #Clinton Foundation...always seems to be involved in these m… https://t.co/medX9Ezl8R",0.0,0.0,0.0,1.0,87
313,FoxNews,Thu Feb 08 09:25:00 +0000 2018,Naked passenger forces turnaround of Alaska Airlines flight https://t.co/7mjQoZbFmv,0.0,0.0,0.0,1.0,86
314,FoxNews,Thu Feb 08 09:20:00 +0000 2018,"US jets bomb 'pro-regime' forces in Syria, killing 100 https://t.co/oPHfJPdxjN",-0.8225,0.0,0.487,0.513,85
315,FoxNews,Thu Feb 08 09:14:32 +0000 2018,.@VP Mike Pence tweets support for gay US Olympian who trashed him: 'We are FOR YOU' https://t.co/M8yH0EoHS5,0.4019,0.144,0.0,0.856,84
316,FoxNews,Thu Feb 08 09:13:00 +0000 2018,.@VP Mike Pence arrived in South Korea to attend the opening of the PyeongChang Winter Olympic Games. https://t.co/3Fv5E6qAVQ,0.0,0.0,0.0,1.0,83
317,FoxNews,Thu Feb 08 09:04:28 +0000 2018,Philadelphia expects 2 million fans for @Eagles victory parade https://t.co/0rXBgXAduA,0.0,0.0,0.0,1.0,82
318,FoxNews,Thu Feb 08 09:04:00 +0000 2018,FBI lovers' latest text messages: #Obama 'wants to know everything' https://t.co/fDhFm3rOZE,0.5267,0.254,0.0,0.746,81
319,FoxNews,Thu Feb 08 11:30:47 +0000 2018,Chuck Rocha: “There’s a lot of political pressure on Democrats around this DACA issue.” @FoxFriendsFirst https://t.co/WUVvgmKZKA,-0.296,0.0,0.136,0.864,80
320,FoxNews,Thu Feb 08 11:22:33 +0000 2018,.@jasoninthehouse: “The core of this is: What did Hillary Clinton do or not do?” @FoxFriendsFirst https://t.co/UIZViVZhSY,0.0,0.0,0.0,1.0,79
321,FoxNews,Thu Feb 08 11:13:01 +0000 2018,.@Eagles Super Bowl Parade Today @jillianmele @FoxFriendsFirst https://t.co/0rXBgXAduA https://t.co/jE5Q3CWYhQ,0.5994,0.328,0.0,0.672,78
322,FoxNews,Thu Feb 08 11:11:20 +0000 2018,Philadelphia expects 2 million fans for @Eagles victory parade https://t.co/eakNttBxvA,0.0,0.0,0.0,1.0,77
323,FoxNews,Thu Feb 08 10:59:22 +0000 2018,.@JaniceDean gives an update on the weather on @FoxFriendsFirst https://t.co/qchT4FReo0,0.0,0.0,0.0,1.0,76
324,FoxNews,Thu Feb 08 10:57:28 +0000 2018,Seven soldier athletes set to join Team USA at 2018 Olympic Winter Games https://t.co/l9lY03AXDf,0.296,0.145,0.0,0.855,75
325,FoxNews,Thu Feb 08 09:58:00 +0000 2018,"North Korean leader Kim Jong Un's sister, South Korean leader Moon to meet at Olympics opener https://t.co/dyUvm8Ed7Q",0.0,0.0,0.0,1.0,74
326,FoxNews,Thu Feb 08 09:52:00 +0000 2018,Mother of top high school football recruit walks away after he chooses Florida (via @RyanGaydos) https://t.co/hOCvvTEGAA,0.2023,0.107,0.0,0.893,73
327,FoxNews,Thu Feb 08 09:50:05 +0000 2018,".@robertjeffress: ""I think it's comforting to know that we have a Commander-in-Chief who is not too proud to acknow… https://t.co/EvysPUOM0r",0.0377,0.121,0.115,0.764,72
328,FoxNews,Thu Feb 08 09:47:04 +0000 2018,"On March 23, the U.S. Postal Service plans to issue a new stamp featuring the classic children's TV host 'Mister Ro… https://t.co/JrG5EgYi5j",0.0,0.0,0.0,1.0,71
329,FoxNews,Thu Feb 08 09:42:00 +0000 2018,"Secrecy on president's exit bad for South Africa, group says https://t.co/Wb7XTRrpgs",-0.5423,0.0,0.259,0.741,70
330,FoxNews,Thu Feb 08 09:37:00 +0000 2018,"Creator of tri-level tree house facing legal trouble, authorities say https://t.co/ZONosNqCn1",-0.296,0.114,0.205,0.682,69
331,FoxNews,Thu Feb 08 09:30:31 +0000 2018,Emergency crews 'everywhere' after Southwest flight slumps forward on nose after skidding off taxiway in Maryland https://t.co/p205sM0YsB,-0.3818,0.0,0.14,0.86,68
332,FoxNews,Thu Feb 08 09:25:26 +0000 2018,"""You always follow the money and you find out that the #Clinton Foundation...always seems to be involved in these m… https://t.co/medX9Ezl8R",0.0,0.0,0.0,1.0,67
333,FoxNews,Thu Feb 08 09:25:00 +0000 2018,Naked passenger forces turnaround of Alaska Airlines flight https://t.co/7mjQoZbFmv,0.0,0.0,0.0,1.0,66
334,FoxNews,Thu Feb 08 09:20:00 +0000 2018,"US jets bomb 'pro-regime' forces in Syria, killing 100 https://t.co/oPHfJPdxjN",-0.8225,0.0,0.487,0.513,65
335,FoxNews,Thu Feb 08 09:14:32 +0000 2018,.@VP Mike Pence tweets support for gay US Olympian who trashed him: 'We are FOR YOU' https://t.co/M8yH0EoHS5,0.4019,0.144,0.0,0.856,64
336,FoxNews,Thu Feb 08 09:13:00 +0000 2018,.@VP Mike Pence arrived in South Korea to attend the opening of the PyeongChang Winter Olympic Games. https://t.co/3Fv5E6qAVQ,0.0,0.0,0.0,1.0,63
337,FoxNews,Thu Feb 08 09:04:28 +0000 2018,Philadelphia expects 2 million fans for @Eagles victory parade https://t.co/0rXBgXAduA,0.0,0.0,0.0,1.0,62
338,FoxNews,Thu Feb 08 09:04:00 +0000 2018,FBI lovers' latest text messages: #Obama 'wants to know everything' https://t.co/fDhFm3rOZE,0.5267,0.254,0.0,0.746,61
339,FoxNews,Thu Feb 08 08:57:15 +0000 2018,"Service members gather around a fire during the Swedish Basic Winter Warfare course in Arvidsjaur, Sweden. Marines… https://t.co/Ku73paGhzs",-0.5574,0.0,0.235,0.765,60
340,FoxNews,Thu Feb 08 08:55:00 +0000 2018,North Dakota's @DougBurgum to repay $37G for #SuperBowl suite https://t.co/g5muwz0sAT,0.0,0.0,0.0,1.0,59
341,FoxNews,Thu Feb 08 08:50:06 +0000 2018,"President @BarackObama, April 2016: ""I guarantee that there is no political influence in any investigation conducte… https://t.co/gztkLQCmTJ",-0.0516,0.104,0.115,0.781,58
342,FoxNews,Thu Feb 08 08:45:00 +0000 2018,"British model Chloe Ayling suffered physical violence, 'brutally transported in luggage,' police testify https://t.co/cWzD3QvCAh",-0.9062,0.0,0.507,0.493,57
343,FoxNews,Thu Feb 08 08:42:21 +0000 2018,"A person stands at the steps of the Lincoln Memorial overlooking the Washington Monument on February 7, 2018. https://t.co/Th7awrlKnz",0.0,0.0,0.0,1.0,56
344,FoxNews,Thu Feb 08 08:40:04 +0000 2018,".@kayleighmcenany: ""@chuckschumer lost on this. He shut down the government, held the American people's government…… https://t.co/UTcqtNqSUq",-0.3182,0.0,0.133,0.867,55
345,FoxNews,Thu Feb 08 08:35:00 +0000 2018,Amazon reviews scam? Couple who keep getting mystery packages fear they are next victims https://t.co/ZXfXlbq6yv,-0.8176,0.078,0.42,0.502,54
346,FoxNews,Thu Feb 08 08:30:02 +0000 2018,".@FreemanWSJ: ""Now the question for Mr. #Obama is, 'Did you realize the evidence was so thin?'""… https://t.co/82rbOcfvbr",0.0,0.0,0.0,1.0,53
347,FoxNews,Thu Feb 08 08:25:00 +0000 2018,Charlie Sheen's ex-pal Lenny Dykstra claims actor will be taken down by the feds https://t.co/N0CFu2ZqAE,0.0,0.0,0.0,1.0,52
348,FoxNews,Thu Feb 08 08:23:02 +0000 2018,"Skaters practice at the Gangneung Oval during a speed skating training session in Gangneung, South Korea before the… https://t.co/6IN19ls6Yn",0.0,0.0,0.0,1.0,51
349,FoxNews,Thu Feb 08 08:20:01 +0000 2018,".@DickMorrisTweet: ""Knowing @HillaryClinton, [Sidney Blumenthal and Cody Shearer] are the Class A dirty ops, black… https://t.co/12HyI8NGmt",-0.4404,0.0,0.172,0.828,50
350,FoxNews,Thu Feb 08 08:15:00 +0000 2018,Former dominatrix loses her fight to keep job as cop https://t.co/PCaU2PEZC8,-0.6597,0.0,0.444,0.556,49
351,FoxNews,Thu Feb 08 08:12:08 +0000 2018,"One thirsty koala graciously accepted a bucket of water during a heat wave in south Adelaide, Australia. The parche… https://t.co/AWCLYm2c3L",0.6597,0.252,0.0,0.748,48
352,FoxNews,Thu Feb 08 08:10:05 +0000 2018,".@RepMattGaetz: ""@RepAdamSchiff has gone from someone with oversight responsibilities to an actual principal in thi… https://t.co/L1p06P7751",0.0,0.0,0.0,1.0,47
353,FoxNews,Thu Feb 08 08:05:00 +0000 2018,Philadelphia gears up for city's first-ever #SuperBowl victory parade https://t.co/0rXBgXAduA,0.0,0.0,0.0,1.0,46
354,FoxNews,Thu Feb 08 08:00:03 +0000 2018,"The winner of a $560 million Powerball ticket is suing to remain anonymous, @BryanLlenas reports… https://t.co/7jYV4DZr7Q",0.4019,0.201,0.111,0.688,45
355,FoxNews,Thu Feb 08 07:55:00 +0000 2018,.@WhiteHouse aide out after allegations of domestic abuse https://t.co/vZkHeYsfax,-0.6369,0.0,0.344,0.656,44
356,FoxNews,Thu Feb 08 07:50:05 +0000 2018,"Constitutional Attorney Ed Pozzuoli: ""We can conclude that the FISA court was likely substantially misled by the… https://t.co/9cs6n8Atlo",0.0,0.0,0.0,1.0,43
357,FoxNews,Thu Feb 08 07:45:00 +0000 2018,".@dunkindonuts to replace foam cups with paper by 2020, but not everyone is happy about it https://t.co/KBrWY6EHk8",-0.612,0.0,0.2,0.8,42
358,FoxNews,Thu Feb 08 07:40:04 +0000 2018,".@anoorani: ""President #Trump has the opportunity to make the deal of a lifetime."" https://t.co/kjeyLDvxzH… https://t.co/B35eyKBB20",0.4215,0.177,0.0,0.823,41
359,FoxNews,Thu Feb 08 07:35:00 +0000 2018,New Strzok-Page texts call into question #Obama's 2016 statement on FBI probes https://t.co/1DxXQA0Cib,0.0,0.0,0.0,1.0,40
360,FoxNews,Thu Feb 08 07:30:02 +0000 2018,"Scott Bolden: ""We've got a Russia investigation as to whether Russia meddled in our elections... Whether you're a D… https://t.co/kZ7cRxbtby",0.0,0.0,0.0,1.0,39
361,FoxNews,Thu Feb 08 07:25:00 +0000 2018,.@NancyPelosi gets most out of 'magic minute' in record-setting speech for DACA https://t.co/1YGuSW6uKC,0.0,0.0,0.0,1.0,38
362,FoxNews,Thu Feb 08 07:20:03 +0000 2018,".@JudgeJeanine: ""Comey needs to be the target of an active criminal investigation, I've said that a million times..… https://t.co/gc0OrnjCMX",-0.1779,0.122,0.154,0.724,37
363,FoxNews,Thu Feb 08 07:15:00 +0000 2018,"GOP fiscal hawks slam budget 'monstrosity,' compare it to #Obama's 'stimulus boondoggle' https://t.co/weDYbvMaGY",-0.3818,0.0,0.178,0.822,36
364,FoxNews,Thu Feb 08 07:10:01 +0000 2018,".@TravisGrantham, AZ State Rep trying to ban red light cams: ""One of the biggest problems I have is this privatizat… https://t.co/uBU576oEx6",-0.743,0.0,0.259,0.741,35
365,FoxNews,Thu Feb 08 07:08:44 +0000 2018,"ADORABLE: The winning smile goes to 18-month-old Lucas Warren, the first baby with Down syndrome to be awarded firs… https://t.co/zWt3fBPIpR",0.9106,0.439,0.0,0.561,34
366,FoxNews,Thu Feb 08 07:05:00 +0000 2018,"Texas police officer killed, suspect in custody after standoff https://t.co/jPrcYCUjzq",-0.7717,0.0,0.456,0.544,33
367,FoxNews,Thu Feb 08 07:00:03 +0000 2018,Defense Secretary Mattis: “We expect the men and women of our military to be faithful in their service even when go… https://t.co/VafP6eitMt,0.5267,0.18,0.0,0.82,32
368,FoxNews,Thu Feb 08 06:55:00 +0000 2018,".@Comey's memoir, “A Higher Loyalty,” will have an earlier release date than previously announced, publisher says https://t.co/ddl5xpUdLc",0.0,0.0,0.0,1.0,31
369,FoxNews,Thu Feb 08 06:50:01 +0000 2018,".@MonicaCrowley: ""@TheDemocrats are constantly putting non-citizens ahead of American citizens, which is not exactl… https://t.co/Q94jOqhYft",0.0,0.0,0.0,1.0,30
370,FoxNews,Thu Feb 08 06:45:00 +0000 2018,Diane Kruger defends Quentin Tarantino for 'Inglourious Basterds' choking scene https://t.co/ql7f67VZVF,-0.4588,0.0,0.231,0.769,29
371,FoxNews,Thu Feb 08 06:40:01 +0000 2018,".@Jim_Jordan: ""The text messages give context to the whole mindset of these people who ran the #Clinton investigati… https://t.co/vGDoOa4MPu",0.0,0.0,0.0,1.0,28
372,FoxNews,Thu Feb 08 06:35:00 +0000 2018,"Jared Fogle claims judge was biased because she has teen daughters, report says https://t.co/VN8mUvIuH1",-0.2732,0.0,0.139,0.861,27
373,FoxNews,Thu Feb 08 06:31:28 +0000 2018,"Marines and sailors from the 26th Marine Expeditionary Unit said their goodbyes to loved ones at Camp Lejeune, Nort… https://t.co/ikdsKaVrg4",0.5994,0.17,0.0,0.83,26
374,FoxNews,Thu Feb 08 06:30:06 +0000 2018,".@KimStrassel: ""[Christopher Steele] broke @FBI cardinal rules, he undermined the @FBI... He blew the @FBI's operat… https://t.co/HFBgGN6Q3c",-0.6486,0.0,0.261,0.739,25
375,FoxNews,Thu Feb 08 06:25:00 +0000 2018,Tony Romo to play PGA Tour event in Dominican Republic https://t.co/VL0rSgqWAY,0.34,0.194,0.0,0.806,24
376,FoxNews,Thu Feb 08 06:20:04 +0000 2018,".@TomFitton: ""This president is being criminally investigated about his communications with the @FBI director about… https://t.co/CYMsLyfFXK",0.0,0.0,0.0,1.0,23
377,FoxNews,Thu Feb 08 06:15:03 +0000 2018,How to watch the Philadelphia @Eagles #SuperBowl parade and ceremony https://t.co/bBTGB5U1kZ https://t.co/pMcA4YMSpq,0.0,0.0,0.0,1.0,22
378,FoxNews,Thu Feb 08 06:10:01 +0000 2018,".@TuckerCarlson on use of Steele dossier in Russia probe: ""In a moment like this, when leaks are the coin of the re… https://t.co/1XHGZuO9H8",0.3612,0.106,0.0,0.894,21
379,FoxNews,Thu Feb 08 06:05:00 +0000 2018,Richard Pryor's widow confirms he slept with Marlon Brando: report https://t.co/mJYLywXTRc,0.0,0.0,0.0,1.0,20
380,FoxNews,Thu Feb 08 06:00:04 +0000 2018,".@kimguilfoyle: ""Why wouldn't any patriotic American say, 'Let's have a nice parade'?"" #TheFive https://t.co/IVuQ8zslj9",0.4215,0.189,0.0,0.811,19
381,FoxNews,Thu Feb 08 05:55:00 +0000 2018,OPINION: @HeyTammyBruce: #Trump wants a military parade and liberals are hysterical (just more proof it's the right… https://t.co/EJxP8SfrnI,-0.0258,0.0,0.064,0.936,18
382,FoxNews,Thu Feb 08 05:50:06 +0000 2018,".@Scaramucci: ""The American people have to understand that their government is there to serve them. We are not here… https://t.co/hB1XJOaODo",0.0,0.0,0.0,1.0,17
383,FoxNews,Thu Feb 08 05:45:00 +0000 2018,UN warned to stop giving Hezbollah free rein in Lebanon -- or face consequences https://t.co/p14DHEnN8s,0.34,0.271,0.205,0.524,16
384,FoxNews,Thu Feb 08 05:40:05 +0000 2018,"Former U.S. Attorney Joe DiGenova: ""We are headed toward a very sad ending for the @FBI and senior DOJ officials...… https://t.co/2BL1q7pD4t",-0.5256,0.0,0.152,0.848,15
385,FoxNews,Thu Feb 08 05:35:45 +0000 2018,Texas police in standoff with suspected cop killer after earlier shooting (via @RyanGaydos) https://t.co/jPrcYDbUY0,-0.7351,0.0,0.341,0.659,14
386,FoxNews,Thu Feb 08 05:35:00 +0000 2018,".@JudgeJeanine: Trump-Russia Probe, Dossier Read Like a Hollywood Screenplay https://t.co/gsA4yimzna",0.3612,0.238,0.0,0.762,13
387,FoxNews,Thu Feb 08 05:30:06 +0000 2018,".@MZHemingway on @NancyPelosi's marathon speech: ""It is admirable to see someone give an...8-hour speech. At the sa… https://t.co/oJ3hdzBI7Q",0.5574,0.175,0.0,0.825,12
388,FoxNews,Thu Feb 08 05:25:00 +0000 2018,Top DHS official says Russian hackers infiltrated US voter systems in 2016 https://t.co/IdO5n8Buk8,0.2023,0.13,0.0,0.87,11
389,FoxNews,Thu Feb 08 05:20:05 +0000 2018,"Stephen Cohen: ""What interests me is not who paid for the dossier - we know it was the #Clinton campaign - but wher… https://t.co/KiM703Z2zV",0.128,0.067,0.0,0.933,10
390,FoxNews,Thu Feb 08 05:15:00 +0000 2018,Team USA’s Olympic flag bearer will be bronze medal winner https://t.co/LzVrKcz8dD,0.7845,0.434,0.0,0.566,9
391,FoxNews,Thu Feb 08 05:10:04 +0000 2018,".@KarlRove on #Trump calling for a possible government shutdown: ""I think it's a mistake for @POTUS to do that agai… https://t.co/TiHTV2tZmd",-0.34,0.0,0.118,0.882,8
392,FoxNews,Thu Feb 08 05:06:03 +0000 2018,"Texas church service stabbing leaves several wounded, man in custody https://t.co/tu7o8O7eoS",0.0,0.0,0.0,1.0,7
393,FoxNews,Thu Feb 08 05:01:02 +0000 2018,".@JesseBWatters: ""This may be the first clue we have of President Obama possibly being involved in the @FBI shenani… https://t.co/qxD7tpEcxj",0.0,0.0,0.0,1.0,6
394,FoxNews,Thu Feb 08 04:55:44 +0000 2018,'Sketchy' drawing of Pennsylvania theft suspect actually leads to an ID https://t.co/eg7dLn2v9M,-0.296,0.0,0.167,0.833,5
395,FoxNews,Thu Feb 08 04:44:09 +0000 2018,"Constitutional Attorney Ed Pozzuoli: ""We can conclude that the FISA court was likely substantially misled by the… https://t.co/iXqn5v4P2l",0.0,0.0,0.0,1.0,4
396,FoxNews,Thu Feb 08 04:35:41 +0000 2018,.@benshapiro sat down with @ShannonBream to discuss the new FBI texts and the FISA memo https://t.co/9TJzy96RcW,0.0,0.0,0.0,1.0,3
397,FoxNews,Thu Feb 08 04:18:48 +0000 2018,Top DHS official says Russian hackers infiltrated US voter systems in 2016 https://t.co/eo8Fxi0HLA,0.2023,0.13,0.0,0.87,2
398,FoxNews,Thu Feb 08 04:04:51 +0000 2018,".@MonicaCrowley: ""@TheDemocrats are constantly putting non-citizens ahead of American citizens, which is not exactl… https://t.co/PCMzmhMmjE",0.0,0.0,0.0,1.0,1
399,nytimes,Thu Feb 08 11:31:07 +0000 2018,Morning Briefing: Here's what you need to know to start your day https://t.co/DV1Sw8UskS https://t.co/GxTk13bhhl,0.0,0.0,0.0,1.0,100
400,nytimes,Thu Feb 08 11:15:09 +0000 2018,The new deal with the same old coalition partners is precisely the government that Germans had voted against in Sep… https://t.co/J4pBHU8J7G,0.0,0.0,0.0,1.0,99
401,nytimes,Thu Feb 08 11:00:08 +0000 2018,"""Cheddar Man,"" Britain's oldest complete skeleton, had dark skin, brown curly hair and blue eyes, DNA tests suggest https://t.co/4ihky1pFEn",0.0,0.0,0.0,1.0,98
402,nytimes,Thu Feb 08 10:44:05 +0000 2018,An armed conflict between the U.S. and pro-Turkish forces may be brewing in northern Syria. Our reporters went to s… https://t.co/A90np5b1pR,-0.3182,0.0,0.103,0.897,97
403,nytimes,Thu Feb 08 10:30:04 +0000 2018,"""Peckham is the creative center of South East London. There is a real feeling of optimism for the future, and lots… https://t.co/XIpCzeVgGK",0.7845,0.305,0.0,0.695,96
404,nytimes,Thu Feb 08 10:14:03 +0000 2018,"Rob Porter, the White House staff secretary, announced his resignation after his 2 former wives accused him of phys… https://t.co/3VIcJzriB5",-0.7906,0.0,0.333,0.667,95
405,nytimes,Thu Feb 08 10:00:16 +0000 2018,"North Korean athletes are unlikely to get any of the 4,000 Galaxy Note 8 phones Samsung? donated to the Games. UN s… https://t.co/IGmG0NNmvr",0.0,0.0,0.0,1.0,94
406,nytimes,Thu Feb 08 09:46:05 +0000 2018,"RT @nytimesbusiness: They killed Tony the Tiger. In sweeping war on obesity, Chile bans cartoon mascots and enacts advertising restrictions…",-0.8555,0.0,0.318,0.682,93
407,nytimes,Thu Feb 08 09:30:16 +0000 2018,Video: Satellite images show North Korea preparing for a military parade ahead of the Olympics https://t.co/vMxhxFVqoa,0.0,0.0,0.0,1.0,92
408,nytimes,Thu Feb 08 09:23:07 +0000 2018,President Xi Jinping’s anticorruption campaign may be closing in on a former top leader https://t.co/vUej5D9yzX,0.2023,0.122,0.0,0.878,91
409,nytimes,Thu Feb 08 09:15:15 +0000 2018,RT @nytimesworld: Two senior American generals visiting the front line outside the northern Syrian city of Manbij arrived on Wednesday with…,0.0,0.0,0.0,1.0,90
410,nytimes,Thu Feb 08 09:00:04 +0000 2018,"Muhiyidin Moye, a prominent Black Lives Matter activist, was shot and killed while riding a bike in New Orleans ear… https://t.co/0L23e69saV",-0.4767,0.142,0.188,0.669,89
411,nytimes,Thu Feb 08 08:47:01 +0000 2018,"Muhiyidin Moye, a prominent Black Lives Matter activist, was shot and killed while riding a bike in New Orleans. He… https://t.co/bJ3EGM81KV",-0.4767,0.142,0.188,0.669,88
412,nytimes,Thu Feb 08 08:32:04 +0000 2018,Young investors who have only seen gains are having a reality check https://t.co/DviB1zwcbn,0.34,0.179,0.0,0.821,87
413,nytimes,Thu Feb 08 08:17:05 +0000 2018,"RT @daiwaka: Uber and Google used to be like bros -- before Google became ""unpumped"" about Uber's self-driving car efforts. My story from T…",0.3612,0.098,0.0,0.902,86
414,nytimes,Thu Feb 08 08:06:04 +0000 2018,"Who is Patrick Soon-Shiong, the new billionaire owner of the Los Angeles Times?
 https://t.co/SVGnjNAYMW",0.0,0.0,0.0,1.0,85
415,nytimes,Thu Feb 08 07:51:06 +0000 2018,RT @noahweiland: What do evangelicals have to celebrate in President Trump the day of the annual prayer breakfast? Plenty. Here's a look at…,0.5719,0.15,0.0,0.85,84
416,nytimes,Thu Feb 08 07:36:06 +0000 2018,A couple walking home from work were stabbed to death outside their Brooklyn house in what was reported as a robber… https://t.co/g8NAU9Y8M1,-0.7783,0.0,0.274,0.726,83
417,nytimes,Thu Feb 08 07:23:29 +0000 2018,It is a perfect dinner-party meal https://t.co/823JBQ4s0w,0.5719,0.425,0.0,0.575,82
418,nytimes,Thu Feb 08 07:04:06 +0000 2018,"Elon Musk said Tesla was in ""a deeper level of hell than we expected"" in putting its Model 3 sedan into mass produc… https://t.co/KiNsEtyX9u",-0.6808,0.0,0.173,0.827,81
419,nytimes,Thu Feb 08 11:31:07 +0000 2018,Morning Briefing: Here's what you need to know to start your day https://t.co/DV1Sw8UskS https://t.co/GxTk13bhhl,0.0,0.0,0.0,1.0,80
420,nytimes,Thu Feb 08 11:15:09 +0000 2018,The new deal with the same old coalition partners is precisely the government that Germans had voted against in Sep… https://t.co/J4pBHU8J7G,0.0,0.0,0.0,1.0,79
421,nytimes,Thu Feb 08 11:00:08 +0000 2018,"""Cheddar Man,"" Britain's oldest complete skeleton, had dark skin, brown curly hair and blue eyes, DNA tests suggest https://t.co/4ihky1pFEn",0.0,0.0,0.0,1.0,78
422,nytimes,Thu Feb 08 10:44:05 +0000 2018,An armed conflict between the U.S. and pro-Turkish forces may be brewing in northern Syria. Our reporters went to s… https://t.co/A90np5b1pR,-0.3182,0.0,0.103,0.897,77
423,nytimes,Thu Feb 08 10:30:04 +0000 2018,"""Peckham is the creative center of South East London. There is a real feeling of optimism for the future, and lots… https://t.co/XIpCzeVgGK",0.7845,0.305,0.0,0.695,76
424,nytimes,Thu Feb 08 10:14:03 +0000 2018,"Rob Porter, the White House staff secretary, announced his resignation after his 2 former wives accused him of phys… https://t.co/3VIcJzriB5",-0.7906,0.0,0.333,0.667,75
425,nytimes,Thu Feb 08 10:00:16 +0000 2018,"North Korean athletes are unlikely to get any of the 4,000 Galaxy Note 8 phones Samsung? donated to the Games. UN s… https://t.co/IGmG0NNmvr",0.0,0.0,0.0,1.0,74
426,nytimes,Thu Feb 08 09:46:05 +0000 2018,"RT @nytimesbusiness: They killed Tony the Tiger. In sweeping war on obesity, Chile bans cartoon mascots and enacts advertising restrictions…",-0.8555,0.0,0.318,0.682,73
427,nytimes,Thu Feb 08 09:30:16 +0000 2018,Video: Satellite images show North Korea preparing for a military parade ahead of the Olympics https://t.co/vMxhxFVqoa,0.0,0.0,0.0,1.0,72
428,nytimes,Thu Feb 08 09:23:07 +0000 2018,President Xi Jinping’s anticorruption campaign may be closing in on a former top leader https://t.co/vUej5D9yzX,0.2023,0.122,0.0,0.878,71
429,nytimes,Thu Feb 08 09:15:15 +0000 2018,RT @nytimesworld: Two senior American generals visiting the front line outside the northern Syrian city of Manbij arrived on Wednesday with…,0.0,0.0,0.0,1.0,70
430,nytimes,Thu Feb 08 09:00:04 +0000 2018,"Muhiyidin Moye, a prominent Black Lives Matter activist, was shot and killed while riding a bike in New Orleans ear… https://t.co/0L23e69saV",-0.4767,0.142,0.188,0.669,69
431,nytimes,Thu Feb 08 08:47:01 +0000 2018,"Muhiyidin Moye, a prominent Black Lives Matter activist, was shot and killed while riding a bike in New Orleans. He… https://t.co/bJ3EGM81KV",-0.4767,0.142,0.188,0.669,68
432,nytimes,Thu Feb 08 08:32:04 +0000 2018,Young investors who have only seen gains are having a reality check https://t.co/DviB1zwcbn,0.34,0.179,0.0,0.821,67
433,nytimes,Thu Feb 08 08:17:05 +0000 2018,"RT @daiwaka: Uber and Google used to be like bros -- before Google became ""unpumped"" about Uber's self-driving car efforts. My story from T…",0.3612,0.098,0.0,0.902,66
434,nytimes,Thu Feb 08 08:06:04 +0000 2018,"Who is Patrick Soon-Shiong, the new billionaire owner of the Los Angeles Times?
 https://t.co/SVGnjNAYMW",0.0,0.0,0.0,1.0,65
435,nytimes,Thu Feb 08 07:51:06 +0000 2018,RT @noahweiland: What do evangelicals have to celebrate in President Trump the day of the annual prayer breakfast? Plenty. Here's a look at…,0.5719,0.15,0.0,0.85,64
436,nytimes,Thu Feb 08 07:36:06 +0000 2018,A couple walking home from work were stabbed to death outside their Brooklyn house in what was reported as a robber… https://t.co/g8NAU9Y8M1,-0.7783,0.0,0.274,0.726,63
437,nytimes,Thu Feb 08 07:23:29 +0000 2018,It is a perfect dinner-party meal https://t.co/823JBQ4s0w,0.5719,0.425,0.0,0.575,62
438,nytimes,Thu Feb 08 07:04:06 +0000 2018,"Elon Musk said Tesla was in ""a deeper level of hell than we expected"" in putting its Model 3 sedan into mass produc… https://t.co/KiNsEtyX9u",-0.6808,0.0,0.173,0.827,61
439,nytimes,Thu Feb 08 06:49:03 +0000 2018,North and South Korea have haggled over forming joint Olympic teams longer than over any other dispute in their tor… https://t.co/Cuu5dM6mwF,-0.4019,0.0,0.119,0.881,60
440,nytimes,Thu Feb 08 06:34:07 +0000 2018,"RT @motokorich: Do $1,100 smartphones violate the United Nations ban on exporting luxury goods to North Korea? Not a theoretical question a…",-0.6124,0.101,0.246,0.652,59
441,nytimes,Thu Feb 08 06:19:33 +0000 2018,Many of the missing were believed to be trapped in a 12-story building that teetered after its first floor collapse… https://t.co/O3isJssMZf,-0.6808,0.0,0.237,0.763,58
442,nytimes,Thu Feb 08 06:03:05 +0000 2018,"RT @nytimesworld: Britain's oldest skeleton (about 10,000 years old) had dark skin. Scientists have found that Europeans only became white…",0.0,0.0,0.0,1.0,57
443,nytimes,Thu Feb 08 05:48:02 +0000 2018,Most Olympics are a chance for local companies to show some home-country pride. This year in Pyeongchang? Maybe not… https://t.co/3x1FGN7ve7,0.5667,0.215,0.0,0.785,56
444,nytimes,Thu Feb 08 05:33:10 +0000 2018,"Saudi Arabia plans to build a $300 million solar farm that would generate enough electricity to power 200,000 homes https://t.co/n899NhHnn9",0.0,0.0,0.0,1.0,55
445,nytimes,Thu Feb 08 05:18:05 +0000 2018,"Covering the Olympics in Pyeongchang, South Korea, requires some preparation. Our editor @tminsberg discussed what… https://t.co/7SEmgG5GnR",0.0,0.0,0.0,1.0,54
446,nytimes,Thu Feb 08 05:03:06 +0000 2018,"RT @NYTNational: The death of Rogelio Martinez fueled President Trump’s demand for a border wall, but a federal investigation found no evid…",-0.6705,0.0,0.277,0.723,53
447,nytimes,Thu Feb 08 04:48:04 +0000 2018,"Jasper Johns, now 87, is widely regarded as America’s foremost living artist. He's still not interested in explaini… https://t.co/ZtkXDv7UZG",-0.3089,0.0,0.111,0.889,52
448,nytimes,Thu Feb 08 04:33:02 +0000 2018,"For decades, Judy Chicago was pushed to the sidelines. Relevant once again, the feminist artist can no longer be ig… https://t.co/IBwF7cY3Tu",-0.296,0.0,0.099,0.901,51
449,nytimes,Thu Feb 08 04:18:03 +0000 2018,"In a sweeping war on obesity, Chile bans cartoon mascots and enacts advertising restrictions to limit the lure of u… https://t.co/5XX0UhvDPZ",-0.5994,0.0,0.17,0.83,50
450,nytimes,Thu Feb 08 04:02:03 +0000 2018,"RT @NYTmag: Introducing a class on the portrayal of gender, sexuality, aggression, consent, race, queer sex, relationships and body image i…",-0.0772,0.086,0.1,0.814,49
451,nytimes,Thu Feb 08 03:48:01 +0000 2018,"Tesla says it lost nearly three-quarters of a billion dollars in the fourth quarter, but saw rising sales of its Mo… https://t.co/ihtEorgGD5",-0.1655,0.0,0.076,0.924,48
452,nytimes,Thu Feb 08 03:33:05 +0000 2018,Democrats need to win 28 seats to control the Senate. Republicans need 8. https://t.co/6zFEHkBgPO,0.5859,0.226,0.0,0.774,47
453,nytimes,Thu Feb 08 03:18:03 +0000 2018,"RT @katierogers: Rob Porter's alleged history of abuse was not a complete secret at the White House. A year into his job, he still had no p…",-0.875,0.0,0.312,0.688,46
454,nytimes,Thu Feb 08 03:03:02 +0000 2018,This flu season has been a particularly scary one for parents https://t.co/gJBlBA2vNA,-0.7264,0.0,0.404,0.596,45
455,nytimes,Thu Feb 08 02:48:04 +0000 2018,"“We have the opportunity to stand up for the brave survivors who came forward,” Senator Joni Ernst said https://t.co/AU1G8vdpPj",0.7351,0.267,0.0,0.733,44
456,nytimes,Thu Feb 08 02:33:04 +0000 2018,Patrick Soon-Shiong emerged as a major figure in L.A. life with his surprise purchase of The Los Angeles Times and… https://t.co/0JAbpImewa,0.2732,0.1,0.0,0.9,43
457,nytimes,Thu Feb 08 02:18:04 +0000 2018,"RT @nytimesarts: Why is ""The Shape of Water"" a frontrunner for best picture at the Oscars? Some explanations: 
1. It's beautifully made. 
2…",0.836,0.283,0.0,0.717,42
458,nytimes,Thu Feb 08 02:03:04 +0000 2018,Evening Briefing: Here's what you need to know at the end of the day https://t.co/0lZvmOKowD,0.0,0.0,0.0,1.0,41
459,nytimes,Thu Feb 08 01:48:05 +0000 2018,"Starfish in the deep sea make light, perhaps for a variety of reasons. And to see that light, they've developed sur… https://t.co/Ei0pl5g0aD",0.0,0.0,0.0,1.0,40
460,nytimes,Thu Feb 08 01:33:03 +0000 2018,Curious about North Korea's isolated Olympic athletes? We’ve gathered insights that offer a glimpse at their Olympi… https://t.co/PKvCp32e3T,0.0,0.117,0.117,0.765,39
461,nytimes,Thu Feb 08 01:18:04 +0000 2018,RT @jeligon: Can police departments effectively work with communities of color? @rachelswarns and I discuss this and other topics explored…,0.4404,0.139,0.0,0.861,38
462,nytimes,Thu Feb 08 01:03:05 +0000 2018,An armed conflict between the U.S. and pro-Turkish forces may be brewing in northern Syria. Our reporters went to s… https://t.co/xtwLFqNLgA,-0.3182,0.0,0.103,0.897,37
463,nytimes,Thu Feb 08 00:48:07 +0000 2018,"President Trump wants a military parade. But with the Pentagon plagued with readiness and budget woes, a parade won… https://t.co/oq8tFwZ1KJ",-0.2263,0.096,0.139,0.766,36
464,nytimes,Thu Feb 08 00:33:05 +0000 2018,"Lift weights, eat more protein, especially if you’re over 40
https://t.co/RvxilDBkSi",0.0,0.0,0.0,1.0,35
465,nytimes,Thu Feb 08 00:18:02 +0000 2018,They jokingly asked Clint Eastwood to direct their story. He ended up casting them in it. https://t.co/yWxneQQ3DZ,0.0,0.0,0.0,1.0,34
466,nytimes,Thu Feb 08 00:03:03 +0000 2018,RT @nickconfessore: A brief thread to correct the record here about our reporting for “The Follower Factory.” https://t.co/8T6UuNchfs,0.0,0.0,0.0,1.0,33
467,nytimes,Wed Feb 07 23:48:09 +0000 2018,Evening Briefing: Here's what you need to know at the end of the day https://t.co/htprF3gmZU,0.0,0.0,0.0,1.0,32
468,nytimes,Wed Feb 07 23:33:07 +0000 2018,Jessie Diggins is a cross-country skier competing in the Olympics. She says climate change is impacting her sport. https://t.co/tP62mAF4eG,0.0,0.0,0.0,1.0,31
469,nytimes,Wed Feb 07 23:19:00 +0000 2018,"Update: Nancy Pelosi held the House floor for 8 hours to advocate for ""Dreamers"" https://t.co/JzbB52gWhT",0.0,0.0,0.0,1.0,30
470,nytimes,Wed Feb 07 23:03:06 +0000 2018,"The Ethicist: ""In middle school, I witnessed three friends cheating on a test when a teacher was not in the room. …… https://t.co/hEozr3dAYs",-0.128,0.126,0.146,0.729,29
471,nytimes,Wed Feb 07 22:51:06 +0000 2018,"RT @lauriegnyt: Democratic leader @NancyPelosi has been speaking for 7+ on House floor in bid to protect undocumented young ""Dreamers,"" rea…",0.3818,0.115,0.0,0.885,28
472,nytimes,Wed Feb 07 22:48:01 +0000 2018,"""It hasn’t been used up; it’s just too old. A pristine iPad from the same era, forgotten in a storeroom and never t… https://t.co/e9nKjm75Of",-0.2263,0.0,0.083,0.917,27
473,nytimes,Wed Feb 07 22:31:09 +0000 2018,RT @CeylanWrites: “What may seem a truth — that people who feel British should have white skin — through time is not all something that is…,0.3182,0.095,0.0,0.905,26
474,nytimes,Wed Feb 07 22:14:05 +0000 2018,"Nancy Pelosi took to the House floor at precisely 10:04 a.m. EST Wednesday to advocate for ""Dreamers."" More than 7… https://t.co/2SH6LIpY7o",0.0,0.0,0.0,1.0,25
475,nytimes,Wed Feb 07 22:05:09 +0000 2018,"“There’s nowhere else to learn about sex,” one teenage boy said. “And porn stars know what they are doing."" https://t.co/4YYUdC3iW5",0.0,0.0,0.0,1.0,24
476,nytimes,Wed Feb 07 21:55:03 +0000 2018,"RT @poniewozik: On the new 'Queer Eye,' relocating to Trump country to give polarized America a tszuj https://t.co/Grwxb6ejMl",0.0,0.0,0.0,1.0,23
477,nytimes,Wed Feb 07 21:40:06 +0000 2018,"RT @nytpolitics: Disregarding President Trump's threats to shut down the government, Senate leaders struck a far-reaching agreement on mili…",-0.3612,0.134,0.28,0.586,22
478,nytimes,Wed Feb 07 21:25:04 +0000 2018,10 songs that tell the story of K-pop's evolution https://t.co/RxVHODV5DL,0.0,0.0,0.0,1.0,21
479,nytimes,Wed Feb 07 21:16:00 +0000 2018,"7. “Stormy Weather” (1943): An anthology of great performances featuring Bill Robinson, a.k.a. Bojangles; Lena Horn… https://t.co/vNgHEkqhoD",0.6249,0.204,0.0,0.796,20
480,nytimes,Wed Feb 07 21:10:06 +0000 2018,"Jasper Johns, now 87, is widely regarded as America’s foremost living artist. He's still not interested in explaini… https://t.co/xa3fc073GF",-0.3089,0.0,0.111,0.889,19
481,nytimes,Wed Feb 07 20:56:02 +0000 2018,"Two days before the Winter Olympics begin, Russia's trying to get 47 more athletes cleared to compete. They were ba… https://t.co/NHj2TfEdP7",0.1725,0.077,0.0,0.923,18
482,nytimes,Wed Feb 07 20:46:09 +0000 2018,"First, they did away with Tony the Tiger. Here's how Chile is is waging war on unhealthy foods, in an ambitious att… https://t.co/nb5XptIyFU",-0.6369,0.102,0.24,0.658,17
483,nytimes,Wed Feb 07 20:36:04 +0000 2018,"Why has ""The Shape of Water"" become the film to beat at the Oscars?
 https://t.co/V3LLJe2Gqw",0.0,0.0,0.0,1.0,16
484,nytimes,Wed Feb 07 20:26:05 +0000 2018,Do hockey sticks violate U.N. sanctions? Officials in South Korea are struggling to accommodate North Korea's Olymp… https://t.co/6s5WMrBmrx,-0.7184,0.0,0.273,0.727,15
485,nytimes,Wed Feb 07 20:16:06 +0000 2018,"RT @NYTmag: “Seventy years into our test as a country to provide housing for those who have too little, we are hardly any closer to passing…",0.0,0.0,0.0,1.0,14
486,nytimes,Wed Feb 07 20:06:07 +0000 2018,This flu season has been a particularly scary one for parents https://t.co/V7EwSqMsXC,-0.7264,0.0,0.404,0.596,13
487,nytimes,Wed Feb 07 19:56:04 +0000 2018,"RT @NYTSports: At the Sochi Olympics four years ago, the Japanese women's hockey team was called ""adorbs"" and ""lovable underdogs."" At the P…",0.6124,0.154,0.0,0.846,12
488,nytimes,Wed Feb 07 19:46:05 +0000 2018,"In the absence of a coherent U.S. policy for Libya, Russia is gaining influence in one of the most dangerous parts… https://t.co/74xLFtwUGg",-0.1513,0.111,0.135,0.754,11
489,nytimes,Wed Feb 07 19:36:06 +0000 2018,"The stock market is worried about inflation. Should it be?
 https://t.co/dSm65nXVoO",-0.296,0.0,0.18,0.82,10
490,nytimes,Wed Feb 07 19:26:08 +0000 2018,Spend or save? Are you a parent planning for retirement? We want to hear from you. https://t.co/jj3p45W2Ai,0.594,0.258,0.0,0.742,9
491,nytimes,Wed Feb 07 19:16:07 +0000 2018,"Justin Trudeau on ""peoplekind"": ""“I made a dumb joke a few days ago that seems to have gone a little viral"" https://t.co/HjtkNPkztY",-0.2732,0.098,0.147,0.756,8
492,nytimes,Wed Feb 07 19:06:05 +0000 2018,"""Cheddar Man,"" Britain's oldest complete skeleton, had dark skin, brown curly hair and blue eyes, DNA tests suggest… https://t.co/3Hft69wEbm",0.0,0.0,0.0,1.0,7
493,nytimes,Wed Feb 07 18:53:57 +0000 2018,The White House staff secretary is resigning after 2 ex-wives accused him of physical abuse. He denies the allegati… https://t.co/3dSAw7OVFS,-0.8779,0.0,0.425,0.575,6
494,nytimes,Wed Feb 07 18:46:08 +0000 2018,Only 5 nations can hit any place on Earth with a missile. (For now.) https://t.co/DDpijOtOK6 https://t.co/AGrkSdULCX,0.0,0.0,0.0,1.0,5
495,nytimes,Wed Feb 07 18:36:03 +0000 2018,RT @nytopinion: The people of Israel — a country built by those who fled Hitler’s ovens and the oppression of Arab countries — understand t…,0.0,0.0,0.0,1.0,4
496,nytimes,Wed Feb 07 18:26:02 +0000 2018,Designers like Narciso Rodriguez love fashion. They love their families. They don't want to choose. https://t.co/3M1yBwrf6k,0.8928,0.452,0.051,0.497,3
497,nytimes,Wed Feb 07 18:16:03 +0000 2018,"Elizabeth Alexander, who read at Obama’s 2009 inauguration, will become head of the nation’s largest humanities phi… https://t.co/anxFrJeoj9",0.0,0.0,0.0,1.0,2
498,nytimes,Wed Feb 07 18:06:06 +0000 2018,"RT @nytimesbusiness: After two decades of corporate control, the Los Angeles Times is once again coming under local ownership https://t.co/…",0.0,0.0,0.0,1.0,1
